11615.3,12465.82,0,1,2019-12-09 6:00:00,1
11615.32,12465.83,0.25,1,2019-12-09 6:00:00,1
11615.37,12465.85,0.49,1,2019-12-09 6:00:00,1
11615.43,12465.88,0.75,1,2019-12-09 6:00:00,1
11615.52,12465.92,0.98,1,2019-12-09 6:00:00,1
11615.62,12465.97,1.21,1,2019-12-09 6:00:00,1
11615.75,12466.03,1.46,1,2019-12-09 6:00:00,1
11615.89,12466.09,1.66,1,2019-12-09 6:00:00,1
11616.05,12466.17,1.9,1,2019-12-09 6:00:00,1
11616.24,12466.25,2.1,1,2019-12-09 6:00:00,1
11616.43,12466.34,2.27,1,2019-12-09 6:00:01,1
11616.65,12466.44,2.53,1,2019-12-09 6:00:01,1
11616.89,12466.55,2.7,1,2019-12-09 6:00:01,1
11617.14,12466.67,2.9,1,2019-12-09 6:00:01,1
11617.41,12466.79,3.1,1,2019-12-09 6:00:01,1
11617.69,12466.92,3.29,1,2019-12-09 6:00:01,1
11617.99,12467.06,3.51,1,2019-12-09 6:00:01,1
11618.32,12467.22,3.77,1,2019-12-09 6:00:01,1
11618.66,12467.37,3.91,1,2019-12-09 6:00:01,1
11619.02,12467.54,4.13,1,2019-12-09 6:00:01,1
11619.39,12467.71,4.3,1,2019-12-09 6:00:02,1
11619.78,12467.89,4.56,1,2019-12-09 6:00:02,1
11620.2,12468.08,4.75,1,2019-12-09 6:00:02,1
11620.63,12468.28,4.97,1,2019-12-09 6:00:02,1
11621.07,12468.49,5.15,1,2019-12-09 6:00:02,1
11621.53,12468.7,5.28,1,2019-12-09 6:00:02,1
11622,12468.92,5.44,1,2019-12-09 6:00:02,1
11622.48,12469.14,5.58,1,2019-12-09 6:00:02,1
11622.99,12469.37,5.79,1,2019-12-09 6:00:02,1
11623.5,12469.61,5.98,1,2019-12-09 6:00:02,1
11624.04,12469.86,6.21,1,2019-12-09 6:00:03,1
11624.6,12470.12,6.46,1,2019-12-09 6:00:03,1
11625.18,12470.38,6.69,1,2019-12-09 6:00:03,1
11625.77,12470.66,6.85,1,2019-12-09 6:00:03,1
11626.39,12470.94,7.09,1,2019-12-09 6:00:03,1
11627.01,12471.23,7.22,1,2019-12-09 6:00:03,1
11627.66,12471.53,7.48,1,2019-12-09 6:00:03,1
11628.32,12471.84,7.65,1,2019-12-09 6:00:03,1
11629,12472.15,7.86,1,2019-12-09 6:00:03,1
11629.71,12472.47,8.11,1,2019-12-09 6:00:03,1
11630.43,12472.81,8.35,1,2019-12-09 6:00:04,1
11631.17,12473.15,8.56,1,2019-12-09 6:00:04,1
11631.92,12473.5,8.69,1,2019-12-09 6:00:04,1
11632.7,12473.86,8.92,1,2019-12-09 6:00:04,1
11633.49,12474.22,9.15,1,2019-12-09 6:00:04,1
11634.3,12474.6,9.39,1,2019-12-09 6:00:04,1
11635.13,12474.98,9.57,1,2019-12-09 6:00:04,1
11635.98,12475.37,9.8,1,2019-12-09 6:00:04,1
11636.84,12475.77,9.96,1,2019-12-09 6:00:04,1
11637.73,12476.18,10.2,1,2019-12-09 6:00:04,1
11638.63,12476.59,10.38,1,2019-12-09 6:00:05,1
11639.54,12477.02,10.55,1,2019-12-09 6:00:05,1
11640.47,12477.45,10.73,1,2019-12-09 6:00:05,1
11641.41,12477.88,10.9,1,2019-12-09 6:00:05,1
11642.37,12478.32,11.04,1,2019-12-09 6:00:05,1
11643.34,12478.77,11.17,1,2019-12-09 6:00:05,1
11644.32,12479.23,11.39,1,2019-12-09 6:00:05,1
11645.33,12479.69,11.59,1,2019-12-09 6:00:05,1
11646.35,12480.16,11.77,1,2019-12-09 6:00:05,1
11647.39,12480.64,12.01,1,2019-12-09 6:00:05,1
11648.44,12481.13,12.15,1,2019-12-09 6:00:06,1
11649.51,12481.62,12.38,1,2019-12-09 6:00:06,1
11650.6,12482.12,12.56,1,2019-12-09 6:00:06,1
11651.71,12482.64,12.8,1,2019-12-09 6:00:06,1
11652.84,12483.16,13.06,1,2019-12-09 6:00:06,1
11653.99,12483.69,13.28,1,2019-12-09 6:00:06,1
11655.15,12484.23,13.47,1,2019-12-09 6:00:06,1
11656.32,12484.77,13.43,1,2019-12-09 6:00:06,1
11657.49,12485.31,13.54,1,2019-12-09 6:00:06,1
11658.66,12485.85,13.52,1,2019-12-09 6:00:06,1
11659.82,12486.39,13.42,1,2019-12-09 6:00:07,1
11660.99,12486.93,13.51,1,2019-12-09 6:00:07,1
11662.16,12487.47,13.5,1,2019-12-09 6:00:07,1
11663.33,12488.01,13.53,1,2019-12-09 6:00:07,1
11664.5,12488.55,13.47,1,2019-12-09 6:00:07,1
11665.67,12489.09,13.52,1,2019-12-09 6:00:07,1
11666.84,12489.63,13.52,1,2019-12-09 6:00:07,1
11668.02,12490.17,13.54,1,2019-12-09 6:00:07,1
11669.19,12490.71,13.54,1,2019-12-09 6:00:07,1
11670.35,12491.25,13.45,1,2019-12-09 6:00:07,1
11671.52,12491.79,13.5,1,2019-12-09 6:00:08,1
11672.69,12492.33,13.51,1,2019-12-09 6:00:08,1
11673.86,12492.87,13.52,1,2019-12-09 6:00:08,1
11675.03,12493.41,13.46,1,2019-12-09 6:00:08,1
11676.2,12493.95,13.49,1,2019-12-09 6:00:08,1
11677.37,12494.49,13.47,1,2019-12-09 6:00:08,1
11678.53,12495.03,13.5,1,2019-12-09 6:00:08,1
11679.7,12495.57,13.48,1,2019-12-09 6:00:08,1
11680.87,12496.11,13.44,1,2019-12-09 6:00:08,1
11682.03,12496.64,13.47,1,2019-12-09 6:00:08,1
11683.2,12497.18,13.49,1,2019-12-09 6:00:09,1
11684.37,12497.72,13.5,1,2019-12-09 6:00:09,1
11685.51,12498.31,13.42,1,2019-12-09 6:00:09,1
11686.65,12498.92,13.54,1,2019-12-09 6:00:09,1
11687.79,12499.52,13.51,1,2019-12-09 6:00:09,1
11688.93,12500.12,13.53,1,2019-12-09 6:00:09,1
11690.07,12500.71,13.43,1,2019-12-09 6:00:09,1
11691.2,12501.31,13.46,1,2019-12-09 6:00:09,1
11692.34,12501.91,13.43,1,2019-12-09 6:00:09,1
11693.48,12502.51,13.48,1,2019-12-09 6:00:09,1
11694.61,12503.11,13.49,1,2019-12-09 6:00:10,1
11695.75,12503.71,13.45,1,2019-12-09 6:00:10,1
11696.88,12504.3,13.43,1,2019-12-09 6:00:10,1
11698.02,12504.9,13.42,1,2019-12-09 6:00:10,1
11699.16,12505.5,13.49,1,2019-12-09 6:00:10,1
11700.29,12506.1,13.46,1,2019-12-09 6:00:10,1
11701.43,12506.69,13.49,1,2019-12-09 6:00:10,1
11702.57,12507.29,13.44,1,2019-12-09 6:00:10,1
11703.7,12507.89,13.45,1,2019-12-09 6:00:10,1
11704.84,12508.49,13.45,1,2019-12-09 6:00:10,1
11705.97,12509.08,13.43,1,2019-12-09 6:00:11,1
11707.11,12509.68,13.48,1,2019-12-09 6:00:11,1
11708.25,12510.28,13.5,1,2019-12-09 6:00:11,1
11709.38,12510.88,13.42,1,2019-12-09 6:00:11,1
11710.53,12511.48,13.53,1,2019-12-09 6:00:11,1
11711.67,12512.08,13.5,1,2019-12-09 6:00:11,1
11712.81,12512.68,13.49,1,2019-12-09 6:00:11,1
11713.95,12513.28,13.51,1,2019-12-09 6:00:11,1
11715.08,12513.88,13.46,1,2019-12-09 6:00:11,1
11716.22,12514.47,13.47,1,2019-12-09 6:00:11,1
11717.35,12515.07,13.43,1,2019-12-09 6:00:12,1
11718.51,12515.63,13.44,1,2019-12-09 6:00:12,1
11719.67,12516.19,13.47,1,2019-12-09 6:00:12,1
11720.82,12516.74,13.42,1,2019-12-09 6:00:12,1
11721.98,12517.3,13.48,1,2019-12-09 6:00:12,1
11723.14,12517.86,13.52,1,2019-12-09 6:00:12,1
11724.3,12518.42,13.44,1,2019-12-09 6:00:12,1
11725.46,12518.98,13.5,1,2019-12-09 6:00:12,1
11726.61,12519.54,13.46,1,2019-12-09 6:00:12,1
11727.78,12520.1,13.54,1,2019-12-09 6:00:12,1
11728.93,12520.66,13.43,1,2019-12-09 6:00:13,1
11730.09,12521.22,13.53,1,2019-12-09 6:00:13,1
11731.25,12521.78,13.44,1,2019-12-09 6:00:13,1
11732.4,12522.33,13.42,1,2019-12-09 6:00:13,1
11733.55,12522.89,13.42,1,2019-12-09 6:00:13,1
11734.71,12523.45,13.49,1,2019-12-09 6:00:13,1
11735.87,12524.01,13.5,1,2019-12-09 6:00:13,1
11737.04,12524.57,13.53,1,2019-12-09 6:00:13,1
11738.2,12525.13,13.5,1,2019-12-09 6:00:13,1
11739.36,12525.69,13.49,1,2019-12-09 6:00:13,1
11740.51,12526.24,13.44,1,2019-12-09 6:00:14,1
11741.67,12526.8,13.47,1,2019-12-09 6:00:14,1
11742.82,12527.36,13.44,1,2019-12-09 6:00:14,1
11743.99,12527.92,13.53,1,2019-12-09 6:00:14,1
11745.15,12528.48,13.52,1,2019-12-09 6:00:14,1
11746.3,12529.04,13.43,1,2019-12-09 6:00:14,1
11747.46,12529.6,13.51,1,2019-12-09 6:00:14,1
11748.62,12530.16,13.49,1,2019-12-09 6:00:14,1
11749.78,12530.72,13.52,1,2019-12-09 6:00:14,1
11750.94,12531.28,13.52,1,2019-12-09 6:00:14,1
11752.1,12531.84,13.47,1,2019-12-09 6:00:15,1
11753.26,12532.4,13.49,1,2019-12-09 6:00:15,1
11754.42,12532.96,13.47,1,2019-12-09 6:00:15,1
11755.57,12533.51,13.45,1,2019-12-09 6:00:15,1
11756.73,12534.07,13.46,1,2019-12-09 6:00:15,1
11757.89,12534.63,13.49,1,2019-12-09 6:00:15,1
11759.05,12535.19,13.47,1,2019-12-09 6:00:15,1
11760.21,12535.75,13.49,1,2019-12-09 6:00:15,1
11761.36,12536.31,13.45,1,2019-12-09 6:00:15,1
11762.52,12536.87,13.52,1,2019-12-09 6:00:15,1
11763.68,12537.43,13.49,1,2019-12-09 6:00:16,1
11764.84,12537.98,13.48,1,2019-12-09 6:00:16,1
11766,12538.54,13.47,1,2019-12-09 6:00:16,1
11767.16,12539.1,13.48,1,2019-12-09 6:00:16,1
11768.31,12539.66,13.43,1,2019-12-09 6:00:16,1
11769.47,12540.21,13.43,1,2019-12-09 6:00:16,1
11770.63,12540.78,13.52,1,2019-12-09 6:00:16,1
11771.79,12541.34,13.51,1,2019-12-09 6:00:16,1
11772.95,12541.9,13.51,1,2019-12-09 6:00:16,1
11774.1,12542.45,13.44,1,2019-12-09 6:00:16,1
11775.26,12543.01,13.42,1,2019-12-09 6:00:17,1
11776.42,12543.57,13.54,1,2019-12-09 6:00:17,1
11777.58,12544.13,13.47,1,2019-12-09 6:00:17,1
11778.74,12544.69,13.54,1,2019-12-09 6:00:17,1
11779.9,12545.25,13.43,1,2019-12-09 6:00:17,1
11781.06,12545.81,13.5,1,2019-12-09 6:00:17,1
11782.22,12546.37,13.54,1,2019-12-09 6:00:17,1
11783.38,12546.93,13.48,1,2019-12-09 6:00:17,1
11784.54,12547.49,13.48,1,2019-12-09 6:00:17,1
11785.69,12548.04,13.45,1,2019-12-09 6:00:17,1
11786.85,12548.6,13.48,1,2019-12-09 6:00:18,1
11788.01,12549.16,13.5,1,2019-12-09 6:00:18,1
11789.17,12549.72,13.51,1,2019-12-09 6:00:18,1
11790.33,12550.28,13.52,1,2019-12-09 6:00:18,1
11791.49,12550.84,13.46,1,2019-12-09 6:00:18,1
11792.64,12551.4,13.42,1,2019-12-09 6:00:18,1
11793.77,12551.94,13.17,1,2019-12-09 6:00:18,1
11794.89,12552.42,12.72,1,2019-12-09 6:00:18,1
11796,12552.81,12.37,1,2019-12-09 6:00:18,1
11797.08,12553.19,11.92,1,2019-12-09 6:00:18,1
11798.11,12553.55,11.47,1,2019-12-09 6:00:19,1
11799.1,12553.9,11.02,1,2019-12-09 6:00:19,1
11800.05,12554.23,10.57,1,2019-12-09 6:00:19,1
11800.96,12554.55,10.12,1,2019-12-09 6:00:19,1
11801.83,12554.86,9.67,1,2019-12-09 6:00:19,1
11802.66,12555.15,9.22,1,2019-12-09 6:00:19,1
11803.45,12555.43,8.77,1,2019-12-09 6:00:19,1
11804.2,12555.69,8.32,1,2019-12-09 6:00:19,1
11809.47,12552.97,8.01,1,2019-12-09 6:00:19,1
11809.78,12552.34,8.05,1,2019-12-09 6:00:19,1
11810.09,12551.71,8,1,2019-12-09 6:00:20,1
11810.4,12551.07,8.05,1,2019-12-09 6:00:20,1
11810.71,12550.44,8,1,2019-12-09 6:00:20,1
11811.02,12549.8,8.11,1,2019-12-09 6:00:20,1
11811.33,12549.16,8.12,1,2019-12-09 6:00:20,1
11811.65,12548.52,8.1,1,2019-12-09 6:00:20,1
11811.96,12547.89,8.09,1,2019-12-09 6:00:20,1
11812.27,12547.25,8.03,1,2019-12-09 6:00:20,1
11812.58,12546.62,8.1,1,2019-12-09 6:00:20,1
11812.89,12545.98,8.05,1,2019-12-09 6:00:20,1
11813.2,12545.35,8.07,1,2019-12-09 6:00:21,1
11813.52,12544.71,8.09,1,2019-12-09 6:00:21,1
11813.83,12544.07,8.11,1,2019-12-09 6:00:21,1
11814.14,12543.44,8.01,1,2019-12-09 6:00:21,1
11814.45,12542.81,8,1,2019-12-09 6:00:21,1
11814.76,12542.18,8.05,1,2019-12-09 6:00:21,1
11815.07,12541.54,8.08,1,2019-12-09 6:00:21,1
11815.38,12540.9,8.07,1,2019-12-09 6:00:21,1
11815.69,12540.27,8,1,2019-12-09 6:00:21,1
11816,12539.64,8.01,1,2019-12-09 6:00:21,1
11816.31,12539.01,8.06,1,2019-12-09 6:00:22,1
11816.62,12538.37,8.05,1,2019-12-09 6:00:22,1
11816.94,12537.74,8.08,1,2019-12-09 6:00:22,1
11817.25,12537.1,8.05,1,2019-12-09 6:00:22,1
11817.56,12536.47,8.02,1,2019-12-09 6:00:22,1
11817.87,12535.83,8.11,1,2019-12-09 6:00:22,1
11818.18,12535.2,8,1,2019-12-09 6:00:22,1
11818.49,12534.57,8.03,1,2019-12-09 6:00:22,1
11818.8,12533.94,8.02,1,2019-12-09 6:00:22,1
11819.11,12533.3,8.07,1,2019-12-09 6:00:22,1
11819.42,12532.67,8.05,1,2019-12-09 6:00:23,1
11819.73,12532.04,8.05,1,2019-12-09 6:00:23,1
11820.05,12531.4,8.09,1,2019-12-09 6:00:23,1
11820.36,12530.77,8,1,2019-12-09 6:00:23,1
11820.67,12530.13,8.1,1,2019-12-09 6:00:23,1
11820.98,12529.5,8.02,1,2019-12-09 6:00:23,1
11821.29,12528.86,8.09,1,2019-12-09 6:00:23,1
11821.6,12528.23,8,1,2019-12-09 6:00:23,1
11821.91,12527.6,8.07,1,2019-12-09 6:00:23,1
11822.22,12526.96,8,1,2019-12-09 6:00:23,1
11822.53,12526.33,8.07,1,2019-12-09 6:00:24,1
11822.84,12525.7,8,1,2019-12-09 6:00:24,1
11823.15,12525.06,8.09,1,2019-12-09 6:00:24,1
11823.46,12524.43,8,1,2019-12-09 6:00:24,1
11823.77,12523.8,8.07,1,2019-12-09 6:00:24,1
11824.09,12523.16,8.06,1,2019-12-09 6:00:24,1
11824.4,12522.53,8.05,1,2019-12-09 6:00:24,1
11824.71,12521.9,8.01,1,2019-12-09 6:00:24,1
11825.02,12521.27,8.03,1,2019-12-09 6:00:24,1
11825.33,12520.63,8.12,1,2019-12-09 6:00:24,1
11825.64,12519.99,8.05,1,2019-12-09 6:00:25,1
11825.95,12519.36,8.09,1,2019-12-09 6:00:25,1
11826.26,12518.72,8.04,1,2019-12-09 6:00:25,1
11826.58,12518.08,8.11,1,2019-12-09 6:00:25,1
11826.89,12517.45,8.04,1,2019-12-09 6:00:25,1
11827.2,12516.82,8.01,1,2019-12-09 6:00:25,1
11827.51,12516.19,8.04,1,2019-12-09 6:00:25,1
11827.82,12515.55,8.02,1,2019-12-09 6:00:25,1
11828.13,12514.92,8.12,1,2019-12-09 6:00:25,1
11828.44,12514.28,8.02,1,2019-12-09 6:00:25,1
11828.75,12513.65,8.07,1,2019-12-09 6:00:26,1
11829.06,12513.02,8.03,1,2019-12-09 6:00:26,1
11829.38,12512.38,8.1,1,2019-12-09 6:00:26,1
11829.69,12511.75,8.01,1,2019-12-09 6:00:26,1
11830,12511.11,8.07,1,2019-12-09 6:00:26,1
11830.31,12510.47,8.12,1,2019-12-09 6:00:26,1
11830.62,12509.83,8.11,1,2019-12-09 6:00:26,1
11830.93,12509.2,7.99,1,2019-12-09 6:00:26,1
11831.24,12508.57,8.04,1,2019-12-09 6:00:26,1
11831.55,12507.94,8.03,1,2019-12-09 6:00:26,1
11831.86,12507.3,8.05,1,2019-12-09 6:00:27,1
11832.18,12506.67,8.07,1,2019-12-09 6:00:27,1
11832.49,12506.03,8.11,1,2019-12-09 6:00:27,1
11832.8,12505.39,8.09,1,2019-12-09 6:00:27,1
11833.11,12504.76,8.03,1,2019-12-09 6:00:27,1
11833.42,12504.13,8,1,2019-12-09 6:00:27,1
11833.73,12503.49,8.1,1,2019-12-09 6:00:27,1
11834.05,12502.85,8.09,1,2019-12-09 6:00:27,1
11834.36,12502.22,8.03,1,2019-12-09 6:00:27,1
11834.67,12501.59,8.05,1,2019-12-09 6:00:27,1
11834.98,12500.95,8.11,1,2019-12-09 6:00:28,1
11835.29,12500.31,8.08,1,2019-12-09 6:00:28,1
11835.6,12499.68,8.05,1,2019-12-09 6:00:28,1
11835.91,12499.05,8.03,1,2019-12-09 6:00:28,1
11836.22,12498.42,8,1,2019-12-09 6:00:28,1
11836.53,12497.79,8.01,1,2019-12-09 6:00:28,1
11836.84,12497.15,8.06,1,2019-12-09 6:00:28,1
11837.16,12496.51,8.07,1,2019-12-09 6:00:28,1
11837.47,12495.88,8.03,1,2019-12-09 6:00:28,1
11837.78,12495.25,8.07,1,2019-12-09 6:00:28,1
11838.09,12494.61,8.12,1,2019-12-09 6:00:29,1
11838.4,12493.98,8.01,1,2019-12-09 6:00:29,1
11838.71,12493.34,8.09,1,2019-12-09 6:00:29,1
11839.03,12492.7,8.09,1,2019-12-09 6:00:29,1
11839.33,12492.07,8,1,2019-12-09 6:00:29,1
11839.64,12491.44,8.03,1,2019-12-09 6:00:29,1
11839.95,12490.81,8.01,1,2019-12-09 6:00:29,1
11840.27,12490.17,8.08,1,2019-12-09 6:00:29,1
11844.94,12480.77,8,1,2019-12-09 6:00:29,1
11845.27,12480.12,8.12,1,2019-12-09 6:00:29,1
11845.59,12479.48,8.1,1,2019-12-09 6:00:30,1
11845.91,12478.84,8.08,1,2019-12-09 6:00:30,1
11846.24,12478.19,8.08,1,2019-12-09 6:00:30,1
11846.56,12477.56,8.02,1,2019-12-09 6:00:30,1
11846.88,12476.91,8.1,1,2019-12-09 6:00:30,1
11847.21,12476.27,8.09,1,2019-12-09 6:00:30,1
11847.53,12475.63,8.06,1,2019-12-09 6:00:30,1
11847.85,12474.99,8.02,1,2019-12-09 6:00:30,1
11848.17,12474.35,8,1,2019-12-09 6:00:30,1
11848.49,12473.71,8.02,1,2019-12-09 6:00:30,1
11848.81,12473.08,8.02,1,2019-12-09 6:00:31,1
11849.13,12472.44,8.01,1,2019-12-09 6:00:31,1
11849.46,12471.8,8.03,1,2019-12-09 6:00:31,1
11849.78,12471.16,8,1,2019-12-09 6:00:31,1
11850.1,12470.52,8.08,1,2019-12-09 6:00:31,1
11850.42,12469.88,8.11,1,2019-12-09 6:00:31,1
11850.75,12469.24,8.05,1,2019-12-09 6:00:31,1
11851.07,12468.6,8.05,1,2019-12-09 6:00:31,1
11851.39,12467.95,8.09,1,2019-12-09 6:00:31,1
11851.71,12467.32,8,1,2019-12-09 6:00:31,1
11852.03,12466.68,8.01,1,2019-12-09 6:00:32,1
11852.35,12466.04,8.01,1,2019-12-09 6:00:32,1
11852.67,12465.4,8.01,1,2019-12-09 6:00:32,1
11853,12464.77,8.02,1,2019-12-09 6:00:32,1
11853.32,12464.12,8.08,1,2019-12-09 6:00:32,1
11853.64,12463.48,8.1,1,2019-12-09 6:00:32,1
11853.97,12462.83,8.09,1,2019-12-09 6:00:32,1
11854.29,12462.19,8.1,1,2019-12-09 6:00:32,1
11854.61,12461.55,8.06,1,2019-12-09 6:00:32,1
11854.93,12460.91,8,1,2019-12-09 6:00:32,1
11855.26,12460.27,8.06,1,2019-12-09 6:00:33,1
11855.58,12459.63,8.09,1,2019-12-09 6:00:33,1
11855.9,12458.99,8.06,1,2019-12-09 6:00:33,1
11856.23,12458.35,8.06,1,2019-12-09 6:00:33,1
11856.55,12457.7,8.1,1,2019-12-09 6:00:33,1
11856.87,12457.06,8.06,1,2019-12-09 6:00:33,1
11857.2,12456.42,8.08,1,2019-12-09 6:00:33,1
11857.52,12455.78,8.07,1,2019-12-09 6:00:33,1
11857.84,12455.14,8.06,1,2019-12-09 6:00:33,1
11858.16,12454.49,8.05,1,2019-12-09 6:00:33,1
11858.49,12453.85,8.12,1,2019-12-09 6:00:34,1
11858.81,12453.2,8.1,1,2019-12-09 6:00:34,1
11859.14,12452.56,8.1,1,2019-12-09 6:00:34,1
11859.46,12451.92,8,1,2019-12-09 6:00:34,1
11859.78,12451.28,8.11,1,2019-12-09 6:00:34,1
11860.11,12450.64,8.07,1,2019-12-09 6:00:34,1
11860.43,12449.99,8.12,1,2019-12-09 6:00:34,1
11860.76,12449.35,8.09,1,2019-12-09 6:00:34,1
11861.08,12448.71,8.06,1,2019-12-09 6:00:34,1
11861.4,12448.06,8.09,1,2019-12-09 6:00:34,1
11861.72,12447.43,8,1,2019-12-09 6:00:35,1
11862.05,12446.78,8.1,1,2019-12-09 6:00:35,1
11862.37,12446.14,8.01,1,2019-12-09 6:00:35,1
11862.69,12445.5,8.06,1,2019-12-09 6:00:35,1
11863.01,12444.87,8,1,2019-12-09 6:00:35,1
11863.33,12444.22,8.11,1,2019-12-09 6:00:35,1
11863.66,12443.58,8.03,1,2019-12-09 6:00:35,1
11863.98,12442.94,8.03,1,2019-12-09 6:00:35,1
11864.3,12442.31,8.02,1,2019-12-09 6:00:35,1
11864.62,12441.67,8.02,1,2019-12-09 6:00:35,1
11864.94,12441.03,8.05,1,2019-12-09 6:00:36,1
11865.27,12440.38,8.1,1,2019-12-09 6:00:36,1
11865.59,12439.74,8.08,1,2019-12-09 6:00:36,1
11865.91,12439.1,8.02,1,2019-12-09 6:00:36,1
11866.24,12438.46,8.11,1,2019-12-09 6:00:36,1
11866.56,12437.82,8.06,1,2019-12-09 6:00:36,1
11866.88,12437.18,8,1,2019-12-09 6:00:36,1
11867.2,12436.54,8.1,1,2019-12-09 6:00:36,1
11867.53,12435.89,8.12,1,2019-12-09 6:00:36,1
11867.85,12435.25,8.01,1,2019-12-09 6:00:36,1
11868.17,12434.61,8.06,1,2019-12-09 6:00:37,1
11868.49,12433.97,8.03,1,2019-12-09 6:00:37,1
11868.82,12433.33,8.09,1,2019-12-09 6:00:37,1
11869.14,12432.68,8.08,1,2019-12-09 6:00:37,1
11869.47,12432.04,8.12,1,2019-12-09 6:00:37,1
11869.79,12431.4,8.06,1,2019-12-09 6:00:37,1
11870.11,12430.76,8.01,1,2019-12-09 6:00:37,1
11870.43,12430.12,8.01,1,2019-12-09 6:00:37,1
11870.75,12429.49,8.02,1,2019-12-09 6:00:37,1
11871.07,12428.85,8.04,1,2019-12-09 6:00:37,1
11871.4,12428.2,8.1,1,2019-12-09 6:00:38,1
11871.72,12427.56,8.07,1,2019-12-09 6:00:38,1
11872.04,12426.92,8.07,1,2019-12-09 6:00:38,1
11872.36,12426.28,8.03,1,2019-12-09 6:00:38,1
11872.69,12425.64,8.05,1,2019-12-09 6:00:38,1
11873.01,12425,8.08,1,2019-12-09 6:00:38,1
11873.33,12424.35,8.09,1,2019-12-09 6:00:38,1
11873.66,12423.71,8.07,1,2019-12-09 6:00:38,1
11873.98,12423.07,8.02,1,2019-12-09 6:00:38,1
11874.3,12422.43,8.09,1,2019-12-09 6:00:38,1
11874.63,12421.78,8.11,1,2019-12-09 6:00:39,1
11874.95,12421.14,8.05,1,2019-12-09 6:00:39,1
11875.27,12420.5,8.12,1,2019-12-09 6:00:39,1
11875.59,12419.86,8,1,2019-12-09 6:00:39,1
11875.92,12419.22,8.03,1,2019-12-09 6:00:39,1
11876.24,12418.58,8.11,1,2019-12-09 6:00:39,1
11876.56,12417.94,8.07,1,2019-12-09 6:00:39,1
11876.89,12417.29,8.07,1,2019-12-09 6:00:39,1
11877.21,12416.65,8.05,1,2019-12-09 6:00:39,1
11877.53,12416.01,8.07,1,2019-12-09 6:00:39,1
11877.86,12415.37,8.11,1,2019-12-09 6:00:40,1
11878.18,12414.72,8.07,1,2019-12-09 6:00:40,1
11878.5,12414.08,8.11,1,2019-12-09 6:00:40,1
11878.83,12413.44,8.06,1,2019-12-09 6:00:40,1
11879.15,12412.8,8.08,1,2019-12-09 6:00:40,1
11879.47,12412.16,8.02,1,2019-12-09 6:00:40,1
11879.8,12411.51,8.09,1,2019-12-09 6:00:40,1
11880.12,12410.88,8.01,1,2019-12-09 6:00:40,1
11880.44,12410.23,8.12,1,2019-12-09 6:00:40,1
11880.77,12409.59,8.11,1,2019-12-09 6:00:40,1
11881.09,12408.94,8.11,1,2019-12-09 6:00:41,1
11881.42,12408.29,8.12,1,2019-12-09 6:00:41,1
11881.74,12407.66,8,1,2019-12-09 6:00:41,1
11882.06,12407.02,8.05,1,2019-12-09 6:00:41,1
11882.38,12406.38,8.01,1,2019-12-09 6:00:41,1
11882.7,12405.74,8.07,1,2019-12-09 6:00:41,1
11883.02,12405.1,8.01,1,2019-12-09 6:00:41,1
11883.35,12404.46,8.1,1,2019-12-09 6:00:41,1
11883.67,12403.81,8.12,1,2019-12-09 6:00:41,1
11615.3,12465.82,0,2,2019-12-09 6:00:10,2
11615.32,12465.83,0.25,2,2019-12-09 6:00:10,2
11615.37,12465.85,0.5,2,2019-12-09 6:00:10,2
11615.43,12465.88,0.75,2,2019-12-09 6:00:10,2
11615.52,12465.92,0.99,2,2019-12-09 6:00:10,2
11615.62,12465.97,1.24,2,2019-12-09 6:00:10,2
11615.75,12466.03,1.45,2,2019-12-09 6:00:10,2
11615.9,12466.1,1.69,2,2019-12-09 6:00:10,2
11616.07,12466.17,1.94,2,2019-12-09 6:00:10,2
11616.25,12466.26,2.18,2,2019-12-09 6:00:10,2
11616.46,12466.36,2.4,2,2019-12-09 6:00:11,2
11616.69,12466.46,2.65,2,2019-12-09 6:00:11,2
11616.94,12466.58,2.82,2,2019-12-09 6:00:11,2
11617.19,12466.69,2.97,2,2019-12-09 6:00:11,2
11617.46,12466.82,3.12,2,2019-12-09 6:00:11,2
11617.75,12466.95,3.29,2,2019-12-09 6:00:11,2
11618.05,12467.09,3.47,2,2019-12-09 6:00:11,2
11618.37,12467.24,3.68,2,2019-12-09 6:00:11,2
11618.7,12467.39,3.87,2,2019-12-09 6:00:11,2
11619.06,12467.56,4.11,2,2019-12-09 6:00:11,2
11619.43,12467.73,4.29,2,2019-12-09 6:00:12,2
11619.82,12467.91,4.43,2,2019-12-09 6:00:12,2
11620.22,12468.09,4.69,2,2019-12-09 6:00:12,2
11620.64,12468.29,4.83,2,2019-12-09 6:00:12,2
11621.07,12468.49,4.97,2,2019-12-09 6:00:12,2
11621.52,12468.69,5.19,2,2019-12-09 6:00:12,2
11621.99,12468.91,5.39,2,2019-12-09 6:00:12,2
11622.48,12469.13,5.65,2,2019-12-09 6:00:12,2
11622.98,12469.37,5.79,2,2019-12-09 6:00:12,2
11623.5,12469.61,5.98,2,2019-12-09 6:00:12,2
11624.03,12469.85,6.19,2,2019-12-09 6:00:13,2
11624.58,12470.11,6.34,2,2019-12-09 6:00:13,2
11625.15,12470.37,6.55,2,2019-12-09 6:00:13,2
11625.73,12470.64,6.75,2,2019-12-09 6:00:13,2
11626.33,12470.91,6.9,2,2019-12-09 6:00:13,2
11626.94,12471.2,7.05,2,2019-12-09 6:00:13,2
11627.57,12471.49,7.29,2,2019-12-09 6:00:13,2
11628.22,12471.79,7.49,2,2019-12-09 6:00:13,2
11628.88,12472.09,7.66,2,2019-12-09 6:00:13,2
11629.57,12472.41,7.87,2,2019-12-09 6:00:13,2
11630.27,12472.73,8.11,2,2019-12-09 6:00:14,2
11630.99,12473.07,8.35,2,2019-12-09 6:00:14,2
11631.74,12473.41,8.6,2,2019-12-09 6:00:14,2
11632.5,12473.76,8.83,2,2019-12-09 6:00:14,2
11633.28,12474.13,9.06,2,2019-12-09 6:00:14,2
11634.09,12474.5,9.28,2,2019-12-09 6:00:14,2
11634.91,12474.88,9.43,2,2019-12-09 6:00:14,2
11635.74,12475.26,9.66,2,2019-12-09 6:00:14,2
11636.59,12475.65,9.8,2,2019-12-09 6:00:14,2
11637.45,12476.05,9.94,2,2019-12-09 6:00:14,2
11638.33,12476.46,10.1,2,2019-12-09 6:00:15,2
11639.22,12476.87,10.35,2,2019-12-09 6:00:15,2
11640.14,12477.29,10.6,2,2019-12-09 6:00:15,2
11641.07,12477.73,10.77,2,2019-12-09 6:00:15,2
11642.03,12478.17,11.01,2,2019-12-09 6:00:15,2
11643,12478.62,11.27,2,2019-12-09 6:00:15,2
11644,12479.08,11.52,2,2019-12-09 6:00:15,2
11645.01,12479.54,11.68,2,2019-12-09 6:00:15,2
11646.04,12480.02,11.86,2,2019-12-09 6:00:15,2
11647.08,12480.5,11.99,2,2019-12-09 6:00:15,2
11648.14,12480.99,12.24,2,2019-12-09 6:00:16,2
11649.22,12481.49,12.49,2,2019-12-09 6:00:16,2
11650.32,12482,12.72,2,2019-12-09 6:00:16,2
11651.44,12482.51,12.86,2,2019-12-09 6:00:16,2
11652.57,12483.04,13.09,2,2019-12-09 6:00:16,2
11653.72,12483.57,13.32,2,2019-12-09 6:00:16,2
11654.9,12484.11,13.54,2,2019-12-09 6:00:16,2
11656.09,12484.66,13.74,2,2019-12-09 6:00:16,2
11657.29,12485.22,13.9,2,2019-12-09 6:00:16,2
11658.51,12485.78,14.12,2,2019-12-09 6:00:16,2
11659.76,12486.35,14.33,2,2019-12-09 6:00:17,2
11661.02,12486.94,14.57,2,2019-12-09 6:00:17,2
11662.3,12487.53,14.82,2,2019-12-09 6:00:17,2
11663.6,12488.13,15.03,2,2019-12-09 6:00:17,2
11664.9,12488.73,15.01,2,2019-12-09 6:00:17,2
11666.2,12489.33,15,2,2019-12-09 6:00:17,2
11667.5,12489.93,14.93,2,2019-12-09 6:00:17,2
11668.79,12490.53,14.96,2,2019-12-09 6:00:17,2
11670.09,12491.13,14.98,2,2019-12-09 6:00:17,2
11671.38,12491.73,14.93,2,2019-12-09 6:00:17,2
11672.68,12492.32,14.99,2,2019-12-09 6:00:18,2
11673.97,12492.92,14.92,2,2019-12-09 6:00:18,2
11675.28,12493.52,15.02,2,2019-12-09 6:00:18,2
11676.57,12494.12,15,2,2019-12-09 6:00:18,2
11677.87,12494.72,15.01,2,2019-12-09 6:00:18,2
11679.17,12495.32,14.92,2,2019-12-09 6:00:18,2
11680.47,12495.92,15.03,2,2019-12-09 6:00:18,2
11681.76,12496.52,14.94,2,2019-12-09 6:00:18,2
11683.06,12497.12,14.99,2,2019-12-09 6:00:18,2
11684.35,12497.72,14.94,2,2019-12-09 6:00:18,2
11685.62,12498.37,14.93,2,2019-12-09 6:00:19,2
11686.88,12499.04,14.96,2,2019-12-09 6:00:19,2
11688.15,12499.71,14.99,2,2019-12-09 6:00:19,2
11689.41,12500.37,14.97,2,2019-12-09 6:00:19,2
11690.67,12501.03,14.95,2,2019-12-09 6:00:19,2
11691.94,12501.7,15.01,2,2019-12-09 6:00:19,2
11693.21,12502.37,14.97,2,2019-12-09 6:00:19,2
11694.47,12503.03,15,2,2019-12-09 6:00:19,2
11695.73,12503.7,14.91,2,2019-12-09 6:00:19,2
11696.99,12504.36,14.95,2,2019-12-09 6:00:19,2
11698.26,12505.03,15,2,2019-12-09 6:00:20,2
11699.52,12505.69,14.92,2,2019-12-09 6:00:20,2
11700.79,12506.36,15.04,2,2019-12-09 6:00:20,2
11702.05,12507.02,14.92,2,2019-12-09 6:00:20,2
11703.31,12507.68,14.93,2,2019-12-09 6:00:20,2
11704.57,12508.34,14.91,2,2019-12-09 6:00:20,2
11705.84,12509.01,15.03,2,2019-12-09 6:00:20,2
11707.11,12509.68,15.03,2,2019-12-09 6:00:20,2
11708.37,12510.34,14.95,2,2019-12-09 6:00:20,2
11709.63,12511.01,14.94,2,2019-12-09 6:00:20,2
11710.9,12511.67,15,2,2019-12-09 6:00:21,2
11712.16,12512.34,14.93,2,2019-12-09 6:00:21,2
11713.42,12513,14.97,2,2019-12-09 6:00:21,2
11714.69,12513.67,15.03,2,2019-12-09 6:00:21,2
11715.96,12514.34,14.98,2,2019-12-09 6:00:21,2
11717.23,12515,15.03,2,2019-12-09 6:00:21,2
11718.51,12515.63,15.02,2,2019-12-09 6:00:21,2
11719.8,12516.25,14.93,2,2019-12-09 6:00:21,2
11721.09,12516.87,15.01,2,2019-12-09 6:00:21,2
11722.37,12517.49,14.91,2,2019-12-09 6:00:21,2
11723.65,12518.11,14.91,2,2019-12-09 6:00:22,2
11724.93,12518.73,14.96,2,2019-12-09 6:00:22,2
11726.22,12519.35,14.92,2,2019-12-09 6:00:22,2
11727.5,12519.97,14.93,2,2019-12-09 6:00:22,2
11728.79,12520.59,15.04,2,2019-12-09 6:00:22,2
11730.07,12521.21,14.93,2,2019-12-09 6:00:22,2
11731.37,12521.83,15.03,2,2019-12-09 6:00:22,2
11732.65,12522.45,14.95,2,2019-12-09 6:00:22,2
11733.94,12523.07,14.97,2,2019-12-09 6:00:22,2
11735.22,12523.69,14.93,2,2019-12-09 6:00:22,2
11736.51,12524.31,14.97,2,2019-12-09 6:00:23,2
11737.8,12524.94,15.02,2,2019-12-09 6:00:23,2
11739.08,12525.55,14.91,2,2019-12-09 6:00:23,2
11740.37,12526.18,15.02,2,2019-12-09 6:00:23,2
11741.66,12526.8,15.02,2,2019-12-09 6:00:23,2
11742.95,12527.42,15.03,2,2019-12-09 6:00:23,2
11744.24,12528.05,15.02,2,2019-12-09 6:00:23,2
11745.53,12528.67,15.01,2,2019-12-09 6:00:23,2
11746.82,12529.29,14.93,2,2019-12-09 6:00:23,2
11748.1,12529.91,14.95,2,2019-12-09 6:00:23,2
11749.38,12530.53,14.92,2,2019-12-09 6:00:24,2
11750.66,12531.14,14.92,2,2019-12-09 6:00:24,2
11751.96,12531.77,15.03,2,2019-12-09 6:00:24,2
11753.24,12532.39,14.94,2,2019-12-09 6:00:24,2
11754.53,12533.01,15.01,2,2019-12-09 6:00:24,2
11755.82,12533.63,14.96,2,2019-12-09 6:00:24,2
11757.1,12534.25,15.01,2,2019-12-09 6:00:24,2
11758.39,12534.87,14.97,2,2019-12-09 6:00:24,2
11759.67,12535.49,14.93,2,2019-12-09 6:00:24,2
11760.96,12536.11,14.97,2,2019-12-09 6:00:24,2
11762.24,12536.73,14.93,2,2019-12-09 6:00:25,2
11763.53,12537.35,14.98,2,2019-12-09 6:00:25,2
11764.82,12537.97,15.01,2,2019-12-09 6:00:25,2
11766.11,12538.6,14.99,2,2019-12-09 6:00:25,2
11767.39,12539.22,14.96,2,2019-12-09 6:00:25,2
11768.68,12539.84,15.02,2,2019-12-09 6:00:25,2
11769.98,12540.46,15.03,2,2019-12-09 6:00:25,2
11771.26,12541.08,14.92,2,2019-12-09 6:00:25,2
11772.54,12541.7,14.95,2,2019-12-09 6:00:25,2
11773.83,12542.32,14.96,2,2019-12-09 6:00:25,2
11775.11,12542.94,14.91,2,2019-12-09 6:00:26,2
11776.39,12543.56,14.92,2,2019-12-09 6:00:26,2
11777.68,12544.18,15.01,2,2019-12-09 6:00:26,2
11778.96,12544.8,14.93,2,2019-12-09 6:00:26,2
11780.26,12545.42,15.02,2,2019-12-09 6:00:26,2
11781.54,12546.04,14.95,2,2019-12-09 6:00:26,2
11782.83,12546.66,15.04,2,2019-12-09 6:00:26,2
11784.12,12547.28,14.95,2,2019-12-09 6:00:26,2
11785.4,12547.9,14.94,2,2019-12-09 6:00:26,2
11786.69,12548.53,15.02,2,2019-12-09 6:00:26,2
11787.98,12549.15,15.01,2,2019-12-09 6:00:27,2
11789.27,12549.77,15.04,2,2019-12-09 6:00:27,2
11790.56,12550.39,14.94,2,2019-12-09 6:00:27,2
11791.84,12551.01,14.98,2,2019-12-09 6:00:27,2
11793.13,12551.63,15.01,2,2019-12-09 6:00:27,2
11794.43,12552.26,15.03,2,2019-12-09 6:00:27,2
11795.78,12552.73,15.01,2,2019-12-09 6:00:27,2
11797.12,12553.2,14.98,2,2019-12-09 6:00:27,2
11798.47,12553.68,14.97,2,2019-12-09 6:00:27,2
11799.82,12554.15,15.02,2,2019-12-09 6:00:27,2
11801.17,12554.63,14.95,2,2019-12-09 6:00:28,2
11802.52,12555.1,14.98,2,2019-12-09 6:00:28,2
11803.87,12555.57,15.01,2,2019-12-09 6:00:28,2
11814.79,12559.43,14.96,2,2019-12-09 6:00:28,2
11816.1,12559.9,14.99,2,2019-12-09 6:00:28,2
11817.42,12560.37,14.97,2,2019-12-09 6:00:28,2
11818.73,12560.84,15,2,2019-12-09 6:00:28,2
11820.05,12561.32,14.99,2,2019-12-09 6:00:28,2
11821.36,12561.78,14.91,2,2019-12-09 6:00:28,2
11822.66,12562.27,14.91,2,2019-12-09 6:00:28,2
11823.94,12562.81,14.94,2,2019-12-09 6:00:29,2
11825.22,12563.34,14.94,2,2019-12-09 6:00:29,2
11826.51,12563.88,14.98,2,2019-12-09 6:00:29,2
11827.8,12564.42,15.01,2,2019-12-09 6:00:29,2
11829.09,12564.95,14.92,2,2019-12-09 6:00:29,2
11830.37,12565.49,14.92,2,2019-12-09 6:00:29,2
11831.65,12566.02,14.93,2,2019-12-09 6:00:29,2
11832.94,12566.56,14.92,2,2019-12-09 6:00:29,2
11834.23,12567.09,15.03,2,2019-12-09 6:00:29,2
11835.52,12567.63,15.03,2,2019-12-09 6:00:29,2
11836.8,12568.17,14.92,2,2019-12-09 6:00:30,2
11838.09,12568.7,14.96,2,2019-12-09 6:00:30,2
11839.36,12569.28,14.95,2,2019-12-09 6:00:30,2
11840.62,12569.87,14.98,2,2019-12-09 6:00:30,2
11841.88,12570.46,14.94,2,2019-12-09 6:00:30,2
11843.15,12571.06,15.03,2,2019-12-09 6:00:30,2
11844.41,12571.65,14.96,2,2019-12-09 6:00:30,2
11845.67,12572.24,14.95,2,2019-12-09 6:00:30,2
11846.93,12572.84,14.99,2,2019-12-09 6:00:30,2
11848.2,12573.43,15.01,2,2019-12-09 6:00:30,2
11849.47,12574.02,15.02,2,2019-12-09 6:00:31,2
11850.73,12574.62,14.96,2,2019-12-09 6:00:31,2
11851.99,12575.21,15.01,2,2019-12-09 6:00:31,2
11853.26,12575.81,15.02,2,2019-12-09 6:00:31,2
11854.52,12576.4,14.99,2,2019-12-09 6:00:31,2
11855.78,12576.99,14.94,2,2019-12-09 6:00:31,2
11857.04,12577.58,14.93,2,2019-12-09 6:00:31,2
11858.3,12578.18,14.93,2,2019-12-09 6:00:31,2
11859.57,12578.77,15.03,2,2019-12-09 6:00:31,2
11860.83,12579.37,15.03,2,2019-12-09 6:00:31,2
11862.1,12579.96,14.97,2,2019-12-09 6:00:32,2
11863.35,12580.55,14.93,2,2019-12-09 6:00:32,2
11864.62,12581.15,14.99,2,2019-12-09 6:00:32,2
11865.88,12581.74,15.02,2,2019-12-09 6:00:32,2
11867.14,12582.33,14.93,2,2019-12-09 6:00:32,2
11868.4,12582.92,14.96,2,2019-12-09 6:00:32,2
11869.67,12583.52,14.98,2,2019-12-09 6:00:32,2
11870.93,12584.11,14.94,2,2019-12-09 6:00:32,2
11872.19,12584.7,14.98,2,2019-12-09 6:00:32,2
11873.45,12585.3,14.94,2,2019-12-09 6:00:32,2
11874.71,12585.89,14.97,2,2019-12-09 6:00:33,2
11875.97,12586.48,15.01,2,2019-12-09 6:00:33,2
11877.24,12587.08,14.99,2,2019-12-09 6:00:33,2
11878.5,12587.67,14.96,2,2019-12-09 6:00:33,2
11879.76,12588.26,14.91,2,2019-12-09 6:00:33,2
11881.02,12588.85,14.94,2,2019-12-09 6:00:33,2
11882.28,12589.44,14.96,2,2019-12-09 6:00:33,2
11883.54,12590.04,14.93,2,2019-12-09 6:00:33,2
11884.8,12590.63,15.03,2,2019-12-09 6:00:33,2
11886.06,12591.22,14.93,2,2019-12-09 6:00:33,2
11887.32,12591.81,14.92,2,2019-12-09 6:00:34,2
11888.58,12592.41,14.94,2,2019-12-09 6:00:34,2
11889.83,12593,14.92,2,2019-12-09 6:00:34,2
11891.09,12593.59,14.93,2,2019-12-09 6:00:34,2
11892.36,12594.18,14.99,2,2019-12-09 6:00:34,2
11893.62,12594.78,14.99,2,2019-12-09 6:00:34,2
11894.88,12595.37,14.96,2,2019-12-09 6:00:34,2
11896.14,12595.96,14.94,2,2019-12-09 6:00:34,2
11897.4,12596.55,14.95,2,2019-12-09 6:00:34,2
11898.67,12597.15,15.03,2,2019-12-09 6:00:34,2
11899.93,12597.74,15,2,2019-12-09 6:00:35,2
11901.19,12598.33,14.95,2,2019-12-09 6:00:35,2
11902.45,12598.93,14.93,2,2019-12-09 6:00:35,2
11903.72,12599.52,14.97,2,2019-12-09 6:00:35,2
11904.98,12600.11,15,2,2019-12-09 6:00:35,2
11906.24,12600.71,14.93,2,2019-12-09 6:00:35,2
11907.5,12601.3,14.94,2,2019-12-09 6:00:35,2
11908.77,12601.89,15.03,2,2019-12-09 6:00:35,2
11910.03,12602.49,14.98,2,2019-12-09 6:00:35,2
11911.29,12603.08,14.92,2,2019-12-09 6:00:35,2
11912.55,12603.67,14.94,2,2019-12-09 6:00:36,2
11913.81,12604.26,15.02,2,2019-12-09 6:00:36,2
11920.88,12607.89,14.96,2,2019-12-09 6:00:36,2
11922.02,12608.54,15.03,2,2019-12-09 6:00:36,2
11923.16,12609.18,15.02,2,2019-12-09 6:00:36,2
11924.3,12609.82,14.94,2,2019-12-09 6:00:36,2
11925.43,12610.47,14.94,2,2019-12-09 6:00:36,2
11926.57,12611.11,14.98,2,2019-12-09 6:00:36,2
11927.71,12611.75,14.98,2,2019-12-09 6:00:36,2
11928.84,12612.4,14.98,2,2019-12-09 6:00:36,2
11929.98,12613.04,14.99,2,2019-12-09 6:00:37,2
11931.12,12613.69,15.02,2,2019-12-09 6:00:37,2
11932.26,12614.33,15.03,2,2019-12-09 6:00:37,2
11933.4,12614.98,14.96,2,2019-12-09 6:00:37,2
11934.54,12615.62,15.01,2,2019-12-09 6:00:37,2
11935.67,12616.27,14.95,2,2019-12-09 6:00:37,2
11936.81,12616.91,14.98,2,2019-12-09 6:00:37,2
11937.95,12617.56,15.04,2,2019-12-09 6:00:37,2
11939.09,12618.2,14.96,2,2019-12-09 6:00:37,2
11940.22,12618.84,14.96,2,2019-12-09 6:00:37,2
11941.36,12619.48,14.95,2,2019-12-09 6:00:38,2
11942.49,12620.13,14.93,2,2019-12-09 6:00:38,2
11943.63,12620.77,14.96,2,2019-12-09 6:00:38,2
11944.76,12621.41,14.98,2,2019-12-09 6:00:38,2
11945.9,12622.06,15.01,2,2019-12-09 6:00:38,2
11947.04,12622.7,14.98,2,2019-12-09 6:00:38,2
11948.18,12623.35,14.96,2,2019-12-09 6:00:38,2
11949.32,12623.99,15,2,2019-12-09 6:00:38,2
11950.45,12624.63,14.97,2,2019-12-09 6:00:38,2
11951.59,12625.28,14.95,2,2019-12-09 6:00:38,2
11952.72,12625.92,14.98,2,2019-12-09 6:00:39,2
11953.86,12626.57,15.02,2,2019-12-09 6:00:39,2
11955,12627.21,14.91,2,2019-12-09 6:00:39,2
11956.14,12627.85,15.03,2,2019-12-09 6:00:39,2
11957.27,12628.5,14.96,2,2019-12-09 6:00:39,2
11958.41,12629.14,14.97,2,2019-12-09 6:00:39,2
11959.52,12629.82,14.96,2,2019-12-09 6:00:39,2
11960.61,12630.54,14.93,2,2019-12-09 6:00:39,2
11961.69,12631.27,14.95,2,2019-12-09 6:00:39,2
11962.78,12631.99,14.99,2,2019-12-09 6:00:39,2
11963.86,12632.71,14.92,2,2019-12-09 6:00:40,2
11964.95,12633.44,15.01,2,2019-12-09 6:00:40,2
11966.05,12634.16,15.03,2,2019-12-09 6:00:40,2
11967.13,12634.89,14.96,2,2019-12-09 6:00:40,2
11968.22,12635.61,14.99,2,2019-12-09 6:00:40,2
11969.31,12636.34,14.98,2,2019-12-09 6:00:40,2
11970.4,12637.06,14.95,2,2019-12-09 6:00:40,2
11971.48,12637.78,14.92,2,2019-12-09 6:00:40,2
11972.57,12638.51,15.01,2,2019-12-09 6:00:40,2
11973.65,12639.23,14.94,2,2019-12-09 6:00:40,2
11974.74,12639.95,15,2,2019-12-09 6:00:41,2
11975.83,12640.68,14.95,2,2019-12-09 6:00:41,2
11976.92,12641.4,14.99,2,2019-12-09 6:00:41,2
11978.01,12642.13,15,2,2019-12-09 6:00:41,2
11979.09,12642.85,14.93,2,2019-12-09 6:00:41,2
11980.18,12643.57,14.93,2,2019-12-09 6:00:41,2
11981.26,12644.29,14.93,2,2019-12-09 6:00:41,2
11982.35,12645.01,14.98,2,2019-12-09 6:00:41,2
11983.43,12645.74,14.91,2,2019-12-09 6:00:41,2
11984.52,12646.46,14.96,2,2019-12-09 6:00:41,2
11985.61,12647.18,15.01,2,2019-12-09 6:00:42,2
11986.7,12647.91,14.97,2,2019-12-09 6:00:42,2
11987.78,12648.63,14.95,2,2019-12-09 6:00:42,2
11988.86,12649.38,15.03,2,2019-12-09 6:00:42,2
11989.88,12650.19,14.92,2,2019-12-09 6:00:42,2
11990.91,12651,15.03,2,2019-12-09 6:00:42,2
11991.94,12651.81,15.03,2,2019-12-09 6:00:42,2
11992.96,12652.62,14.95,2,2019-12-09 6:00:42,2
11993.98,12653.43,14.96,2,2019-12-09 6:00:42,2
11995.01,12654.25,15.02,2,2019-12-09 6:00:42,2
11996.04,12655.06,15.04,2,2019-12-09 6:00:43,2
11997.06,12655.87,14.96,2,2019-12-09 6:00:43,2
11998.09,12656.68,15.03,2,2019-12-09 6:00:43,2
11999.11,12657.49,14.96,2,2019-12-09 6:00:43,2
12000.14,12658.31,15.03,2,2019-12-09 6:00:43,2
12001.16,12659.12,14.91,2,2019-12-09 6:00:43,2
12002.18,12659.93,14.95,2,2019-12-09 6:00:43,2
12003.21,12660.74,15.01,2,2019-12-09 6:00:43,2
12004.24,12661.55,15.02,2,2019-12-09 6:00:43,2
12005.26,12662.36,14.95,2,2019-12-09 6:00:43,2
12006.28,12663.17,14.94,2,2019-12-09 6:00:44,2
12007.3,12663.98,14.91,2,2019-12-09 6:00:44,2
12008.32,12664.79,14.98,2,2019-12-09 6:00:44,2
12009.35,12665.61,15,2,2019-12-09 6:00:44,2
12010.37,12666.42,14.97,2,2019-12-09 6:00:44,2
12011.4,12667.23,14.94,2,2019-12-09 6:00:44,2
12012.42,12668.04,14.97,2,2019-12-09 6:00:44,2
12013.44,12668.85,14.98,2,2019-12-09 6:00:44,2
12014.47,12669.66,15.02,2,2019-12-09 6:00:44,2
12015.49,12670.47,14.96,2,2019-12-09 6:00:44,2
11615.3,12465.82,0,3,2019-12-09 6:00:20,1
11615.32,12465.83,0.25,3,2019-12-09 6:00:20,1
11615.37,12465.85,0.5,3,2019-12-09 6:00:20,1
11615.43,12465.88,0.75,3,2019-12-09 6:00:20,1
11615.52,12465.92,0.99,3,2019-12-09 6:00:20,1
11615.62,12465.97,1.2,3,2019-12-09 6:00:20,1
11615.75,12466.03,1.45,3,2019-12-09 6:00:20,1
11615.89,12466.09,1.66,3,2019-12-09 6:00:20,1
11616.05,12466.17,1.84,3,2019-12-09 6:00:20,1
11616.22,12466.25,2,3,2019-12-09 6:00:20,1
11616.41,12466.33,2.19,3,2019-12-09 6:00:21,1
11616.62,12466.43,2.43,3,2019-12-09 6:00:21,1
11616.85,12466.54,2.67,3,2019-12-09 6:00:21,1
11617.11,12466.65,2.91,3,2019-12-09 6:00:21,1
11617.37,12466.78,3.05,3,2019-12-09 6:00:21,1
11617.65,12466.9,3.2,3,2019-12-09 6:00:21,1
11617.94,12467.04,3.39,3,2019-12-09 6:00:21,1
11618.25,12467.18,3.61,3,2019-12-09 6:00:21,1
11618.59,12467.34,3.84,3,2019-12-09 6:00:21,1
11618.94,12467.5,4.03,3,2019-12-09 6:00:21,1
11619.3,12467.67,4.2,3,2019-12-09 6:00:22,1
11619.69,12467.85,4.46,3,2019-12-09 6:00:22,1
11620.09,12468.03,4.63,3,2019-12-09 6:00:22,1
11620.51,12468.23,4.87,3,2019-12-09 6:00:22,1
11620.95,12468.43,5.11,3,2019-12-09 6:00:22,1
11621.42,12468.65,5.37,3,2019-12-09 6:00:22,1
11621.89,12468.87,5.5,3,2019-12-09 6:00:22,1
11622.38,12469.09,5.67,3,2019-12-09 6:00:22,1
11622.9,12469.33,5.91,3,2019-12-09 6:00:22,1
11623.43,12469.57,6.11,3,2019-12-09 6:00:22,1
11623.97,12469.83,6.3,3,2019-12-09 6:00:23,1
11624.54,12470.09,6.51,3,2019-12-09 6:00:23,1
11625.12,12470.36,6.76,3,2019-12-09 6:00:23,1
11625.72,12470.63,6.9,3,2019-12-09 6:00:23,1
11626.33,12470.92,7.08,3,2019-12-09 6:00:23,1
11626.96,12471.21,7.3,3,2019-12-09 6:00:23,1
11627.61,12471.51,7.45,3,2019-12-09 6:00:23,1
11628.27,12471.81,7.68,3,2019-12-09 6:00:23,1
11628.95,12472.12,7.81,3,2019-12-09 6:00:23,1
11629.65,12472.45,8.03,3,2019-12-09 6:00:23,1
11630.36,12472.77,8.2,3,2019-12-09 6:00:24,1
11631.08,12473.11,8.39,3,2019-12-09 6:00:24,1
11631.83,12473.46,8.63,3,2019-12-09 6:00:24,1
11632.59,12473.81,8.83,3,2019-12-09 6:00:24,1
11633.38,12474.17,9.07,3,2019-12-09 6:00:24,1
11634.18,12474.54,9.29,3,2019-12-09 6:00:24,1
11635,12474.92,9.44,3,2019-12-09 6:00:24,1
11635.84,12475.31,9.65,3,2019-12-09 6:00:24,1
11636.69,12475.7,9.87,3,2019-12-09 6:00:24,1
11637.57,12476.11,10.1,3,2019-12-09 6:00:24,1
11638.46,12476.52,10.3,3,2019-12-09 6:00:25,1
11639.37,12476.94,10.45,3,2019-12-09 6:00:25,1
11640.29,12477.36,10.63,3,2019-12-09 6:00:25,1
11641.22,12477.79,10.8,3,2019-12-09 6:00:25,1
11642.17,12478.23,10.97,3,2019-12-09 6:00:25,1
11643.14,12478.68,11.12,3,2019-12-09 6:00:25,1
11644.12,12479.13,11.37,3,2019-12-09 6:00:25,1
11645.12,12479.59,11.5,3,2019-12-09 6:00:25,1
11646.13,12480.06,11.64,3,2019-12-09 6:00:25,1
11647.15,12480.53,11.79,3,2019-12-09 6:00:25,1
11648.18,12481.01,11.98,3,2019-12-09 6:00:26,1
11649.24,12481.5,12.23,3,2019-12-09 6:00:26,1
11650.31,12481.99,12.36,3,2019-12-09 6:00:26,1
11651.4,12482.49,12.54,3,2019-12-09 6:00:26,1
11652.5,12483,12.73,3,2019-12-09 6:00:26,1
11653.62,12483.52,12.88,3,2019-12-09 6:00:26,1
11654.75,12484.04,13.12,3,2019-12-09 6:00:26,1
11655.9,12484.58,13.28,3,2019-12-09 6:00:26,1
11657.07,12485.11,13.48,3,2019-12-09 6:00:26,1
11658.26,12485.66,13.69,3,2019-12-09 6:00:26,1
11659.46,12486.22,13.93,3,2019-12-09 6:00:27,1
11660.69,12486.78,14.1,3,2019-12-09 6:00:27,1
11661.93,12487.36,14.31,3,2019-12-09 6:00:27,1
11663.18,12487.94,14.49,3,2019-12-09 6:00:27,1
11664.45,12488.52,14.65,3,2019-12-09 6:00:27,1
11665.74,12489.12,14.9,3,2019-12-09 6:00:27,1
11667.05,12489.72,15.06,3,2019-12-09 6:00:27,1
11668.36,12490.33,15.2,3,2019-12-09 6:00:27,1
11669.69,12490.94,15.39,3,2019-12-09 6:00:27,1
11671.04,12491.57,15.57,3,2019-12-09 6:00:27,1
11672.4,12492.2,15.72,3,2019-12-09 6:00:28,1
11673.78,12492.83,15.91,3,2019-12-09 6:00:28,1
11675.18,12493.48,16.11,3,2019-12-09 6:00:28,1
11676.59,12494.13,16.35,3,2019-12-09 6:00:28,1
11678.03,12494.79,16.57,3,2019-12-09 6:00:28,1
11679.46,12495.46,16.58,3,2019-12-09 6:00:28,1
11680.9,12496.12,16.57,3,2019-12-09 6:00:28,1
11682.34,12496.79,16.61,3,2019-12-09 6:00:28,1
11683.78,12497.45,16.67,3,2019-12-09 6:00:28,1
11685.2,12498.15,16.6,3,2019-12-09 6:00:28,1
11686.6,12498.89,16.61,3,2019-12-09 6:00:29,1
11688.01,12499.63,16.61,3,2019-12-09 6:00:29,1
11689.41,12500.37,16.63,3,2019-12-09 6:00:29,1
11690.81,12501.11,16.57,3,2019-12-09 6:00:29,1
11692.22,12501.85,16.66,3,2019-12-09 6:00:29,1
11693.61,12502.58,16.54,3,2019-12-09 6:00:29,1
11695.01,12503.32,16.55,3,2019-12-09 6:00:29,1
11696.41,12504.05,16.6,3,2019-12-09 6:00:29,1
11697.81,12504.79,16.61,3,2019-12-09 6:00:29,1
11699.21,12505.53,16.56,3,2019-12-09 6:00:29,1
11700.62,12506.27,16.66,3,2019-12-09 6:00:30,1
11702.03,12507.01,16.66,3,2019-12-09 6:00:30,1
11703.43,12507.75,16.67,3,2019-12-09 6:00:30,1
11704.84,12508.49,16.64,3,2019-12-09 6:00:30,1
11706.24,12509.22,16.55,3,2019-12-09 6:00:30,1
11707.64,12509.96,16.59,3,2019-12-09 6:00:30,1
11709.03,12510.69,16.56,3,2019-12-09 6:00:30,1
11710.43,12511.43,16.57,3,2019-12-09 6:00:30,1
11711.84,12512.17,16.63,3,2019-12-09 6:00:30,1
11713.24,12512.9,16.56,3,2019-12-09 6:00:30,1
11714.64,12513.64,16.62,3,2019-12-09 6:00:31,1
11716.04,12514.38,16.58,3,2019-12-09 6:00:31,1
11717.44,12515.11,16.55,3,2019-12-09 6:00:31,1
11718.87,12515.8,16.63,3,2019-12-09 6:00:31,1
11720.29,12516.49,16.61,3,2019-12-09 6:00:31,1
11721.72,12517.18,16.58,3,2019-12-09 6:00:31,1
11723.15,12517.87,16.66,3,2019-12-09 6:00:31,1
11724.58,12518.56,16.63,3,2019-12-09 6:00:31,1
11726.01,12519.25,16.65,3,2019-12-09 6:00:31,1
11727.44,12519.94,16.62,3,2019-12-09 6:00:31,1
11728.87,12520.63,16.62,3,2019-12-09 6:00:32,1
11730.3,12521.32,16.67,3,2019-12-09 6:00:32,1
11731.72,12522,16.55,3,2019-12-09 6:00:32,1
11733.15,12522.69,16.58,3,2019-12-09 6:00:32,1
11734.58,12523.38,16.62,3,2019-12-09 6:00:32,1
11736.01,12524.07,16.66,3,2019-12-09 6:00:32,1
11737.43,12524.76,16.6,3,2019-12-09 6:00:32,1
11738.87,12525.45,16.66,3,2019-12-09 6:00:32,1
11740.29,12526.14,16.63,3,2019-12-09 6:00:32,1
11741.73,12526.83,16.66,3,2019-12-09 6:00:32,1
11743.15,12527.52,16.55,3,2019-12-09 6:00:33,1
11744.57,12528.21,16.61,3,2019-12-09 6:00:33,1
11746,12528.89,16.6,3,2019-12-09 6:00:33,1
11747.43,12529.58,16.58,3,2019-12-09 6:00:33,1
11748.85,12530.27,16.62,3,2019-12-09 6:00:33,1
11750.29,12530.96,16.67,3,2019-12-09 6:00:33,1
11751.71,12531.65,16.59,3,2019-12-09 6:00:33,1
11753.14,12532.34,16.65,3,2019-12-09 6:00:33,1
11754.57,12533.03,16.57,3,2019-12-09 6:00:33,1
11755.99,12533.72,16.62,3,2019-12-09 6:00:33,1
11757.42,12534.4,16.61,3,2019-12-09 6:00:34,1
11758.85,12535.09,16.62,3,2019-12-09 6:00:34,1
11760.28,12535.78,16.61,3,2019-12-09 6:00:34,1
11761.71,12536.47,16.66,3,2019-12-09 6:00:34,1
11763.14,12537.16,16.61,3,2019-12-09 6:00:34,1
11764.57,12537.85,16.64,3,2019-12-09 6:00:34,1
11766,12538.54,16.65,3,2019-12-09 6:00:34,1
11767.42,12539.23,16.55,3,2019-12-09 6:00:34,1
11768.85,12539.92,16.63,3,2019-12-09 6:00:34,1
11770.28,12540.61,16.62,3,2019-12-09 6:00:34,1
11771.71,12541.3,16.66,3,2019-12-09 6:00:35,1
11773.13,12541.98,16.56,3,2019-12-09 6:00:35,1
11774.55,12542.67,16.57,3,2019-12-09 6:00:35,1
11775.98,12543.36,16.62,3,2019-12-09 6:00:35,1
11777.41,12544.05,16.63,3,2019-12-09 6:00:35,1
11778.84,12544.74,16.67,3,2019-12-09 6:00:35,1
11780.27,12545.43,16.62,3,2019-12-09 6:00:35,1
11781.69,12546.12,16.55,3,2019-12-09 6:00:35,1
11783.12,12546.8,16.61,3,2019-12-09 6:00:35,1
11784.55,12547.49,16.63,3,2019-12-09 6:00:35,1
11785.98,12548.18,16.64,3,2019-12-09 6:00:36,1
11787.4,12548.87,16.57,3,2019-12-09 6:00:36,1
11788.8,12549.55,16.28,3,2019-12-09 6:00:36,1
11790.16,12550.2,15.83,3,2019-12-09 6:00:36,1
11791.49,12550.84,15.38,3,2019-12-09 6:00:36,1
11792.77,12551.46,14.93,3,2019-12-09 6:00:36,1
11794.01,12552.06,14.48,3,2019-12-09 6:00:36,1
11795.26,12552.55,14.05,3,2019-12-09 6:00:36,1
11796.48,12552.98,13.6,3,2019-12-09 6:00:36,1
11797.67,12553.39,13.15,3,2019-12-09 6:00:36,1
11798.81,12553.8,12.7,3,2019-12-09 6:00:37,1
11799.91,12554.18,12.25,3,2019-12-09 6:00:37,1
11800.97,12554.56,11.8,3,2019-12-09 6:00:37,1
11801.99,12554.92,11.35,3,2019-12-09 6:00:37,1
11802.98,12555.26,10.9,3,2019-12-09 6:00:37,1
11803.92,12555.59,10.45,3,2019-12-09 6:00:37,1
11809.42,12553.06,10,3,2019-12-09 6:00:37,1
11809.81,12552.28,9.91,3,2019-12-09 6:00:37,1
11810.19,12551.5,9.93,3,2019-12-09 6:00:37,1
11810.57,12550.71,10,3,2019-12-09 6:00:37,1
11810.96,12549.93,9.91,3,2019-12-09 6:00:38,1
11811.34,12549.15,9.91,3,2019-12-09 6:00:38,1
11811.72,12548.37,9.92,3,2019-12-09 6:00:38,1
11812.11,12547.58,9.98,3,2019-12-09 6:00:38,1
11812.49,12546.8,9.92,3,2019-12-09 6:00:38,1
11812.88,12546.02,9.94,3,2019-12-09 6:00:38,1
11813.26,12545.24,9.87,3,2019-12-09 6:00:38,1
11813.64,12544.46,9.95,3,2019-12-09 6:00:38,1
11814.03,12543.67,10,3,2019-12-09 6:00:38,1
11814.41,12542.89,9.88,3,2019-12-09 6:00:38,1
11814.79,12542.11,9.9,3,2019-12-09 6:00:39,1
11815.18,12541.33,9.92,3,2019-12-09 6:00:39,1
11815.56,12540.54,9.96,3,2019-12-09 6:00:39,1
11815.94,12539.76,9.95,3,2019-12-09 6:00:39,1
11816.33,12538.98,9.92,3,2019-12-09 6:00:39,1
11816.71,12538.2,9.9,3,2019-12-09 6:00:39,1
11817.1,12537.41,9.98,3,2019-12-09 6:00:39,1
11817.48,12536.63,9.9,3,2019-12-09 6:00:39,1
11817.86,12535.85,9.91,3,2019-12-09 6:00:39,1
11818.25,12535.07,9.93,3,2019-12-09 6:00:39,1
11818.63,12534.28,9.98,3,2019-12-09 6:00:40,1
11819.02,12533.5,9.94,3,2019-12-09 6:00:40,1
11819.4,12532.72,9.93,3,2019-12-09 6:00:40,1
11819.78,12531.94,9.87,3,2019-12-09 6:00:40,1
11820.16,12531.16,9.95,3,2019-12-09 6:00:40,1
11820.55,12530.37,9.96,3,2019-12-09 6:00:40,1
11820.93,12529.59,9.99,3,2019-12-09 6:00:40,1
11821.32,12528.81,9.87,3,2019-12-09 6:00:40,1
11821.7,12528.02,9.99,3,2019-12-09 6:00:40,1
11822.09,12527.24,9.98,3,2019-12-09 6:00:40,1
11822.47,12526.45,9.93,3,2019-12-09 6:00:41,1
11822.85,12525.67,9.89,3,2019-12-09 6:00:41,1
11823.24,12524.9,9.89,3,2019-12-09 6:00:41,1
11823.62,12524.11,9.95,3,2019-12-09 6:00:41,1
11824.01,12523.33,9.98,3,2019-12-09 6:00:41,1
11824.39,12522.54,9.97,3,2019-12-09 6:00:41,1
11824.77,12521.76,9.91,3,2019-12-09 6:00:41,1
11825.16,12520.98,9.9,3,2019-12-09 6:00:41,1
11825.54,12520.19,9.98,3,2019-12-09 6:00:41,1
11825.93,12519.41,9.95,3,2019-12-09 6:00:41,1
11826.31,12518.63,9.93,3,2019-12-09 6:00:42,1
11826.69,12517.84,9.94,3,2019-12-09 6:00:42,1
11827.08,12517.07,9.9,3,2019-12-09 6:00:42,1
11827.46,12516.28,9.94,3,2019-12-09 6:00:42,1
11827.85,12515.5,9.98,3,2019-12-09 6:00:42,1
11828.23,12514.72,9.88,3,2019-12-09 6:00:42,1
11828.61,12513.94,9.91,3,2019-12-09 6:00:42,1
11828.99,12513.16,9.89,3,2019-12-09 6:00:42,1
11829.38,12512.37,9.99,3,2019-12-09 6:00:42,1
11829.76,12511.59,9.88,3,2019-12-09 6:00:42,1
11830.15,12510.81,10,3,2019-12-09 6:00:43,1
11830.53,12510.03,9.88,3,2019-12-09 6:00:43,1
11830.91,12509.25,9.9,3,2019-12-09 6:00:43,1
11831.29,12508.47,9.9,3,2019-12-09 6:00:43,1
11831.68,12507.68,9.98,3,2019-12-09 6:00:43,1
11832.06,12506.9,9.9,3,2019-12-09 6:00:43,1
11832.45,12506.12,9.96,3,2019-12-09 6:00:43,1
11832.83,12505.34,9.93,3,2019-12-09 6:00:43,1
11833.21,12504.55,9.95,3,2019-12-09 6:00:43,1
11833.6,12503.77,9.98,3,2019-12-09 6:00:43,1
11833.98,12502.98,9.98,3,2019-12-09 6:00:44,1
11834.37,12502.2,9.96,3,2019-12-09 6:00:44,1
11834.75,12501.42,9.9,3,2019-12-09 6:00:44,1
11835.13,12500.64,9.88,3,2019-12-09 6:00:44,1
11835.52,12499.85,9.97,3,2019-12-09 6:00:44,1
11835.9,12499.07,9.97,3,2019-12-09 6:00:44,1
11836.29,12498.28,9.97,3,2019-12-09 6:00:44,1
11836.67,12497.5,9.97,3,2019-12-09 6:00:44,1
11837.06,12496.71,9.96,3,2019-12-09 6:00:44,1
11837.44,12495.93,9.9,3,2019-12-09 6:00:44,1
11837.82,12495.16,9.88,3,2019-12-09 6:00:45,1
11838.2,12494.38,9.87,3,2019-12-09 6:00:45,1
11838.59,12493.6,9.89,3,2019-12-09 6:00:45,1
11838.97,12492.81,9.99,3,2019-12-09 6:00:45,1
11839.35,12492.03,9.93,3,2019-12-09 6:00:45,1
11839.74,12491.25,9.95,3,2019-12-09 6:00:45,1
11840.12,12490.47,9.92,3,2019-12-09 6:00:45,1
11844.87,12480.91,9.97,3,2019-12-09 6:00:45,1
11845.27,12480.12,9.94,3,2019-12-09 6:00:45,1
11845.67,12479.32,9.98,3,2019-12-09 6:00:45,1
11846.07,12478.53,9.96,3,2019-12-09 6:00:46,1
11846.47,12477.74,9.96,3,2019-12-09 6:00:46,1
11846.86,12476.95,9.91,3,2019-12-09 6:00:46,1
11847.26,12476.16,9.94,3,2019-12-09 6:00:46,1
11847.66,12475.37,9.87,3,2019-12-09 6:00:46,1
11848.06,12474.58,9.99,3,2019-12-09 6:00:46,1
11848.46,12473.79,9.97,3,2019-12-09 6:00:46,1
11848.85,12472.99,9.97,3,2019-12-09 6:00:46,1
11849.25,12472.21,9.88,3,2019-12-09 6:00:46,1
11849.65,12471.42,9.91,3,2019-12-09 6:00:46,1
11850.04,12470.63,9.91,3,2019-12-09 6:00:47,1
11850.44,12469.84,9.96,3,2019-12-09 6:00:47,1
11850.84,12469.04,10,3,2019-12-09 6:00:47,1
11851.24,12468.25,9.93,3,2019-12-09 6:00:47,1
11851.64,12467.47,9.9,3,2019-12-09 6:00:47,1
11852.03,12466.68,9.92,3,2019-12-09 6:00:47,1
11852.43,12465.89,9.91,3,2019-12-09 6:00:47,1
11852.83,12465.1,9.93,3,2019-12-09 6:00:47,1
11853.23,12464.31,9.91,3,2019-12-09 6:00:47,1
11853.62,12463.52,9.92,3,2019-12-09 6:00:47,1
11854.02,12462.73,9.94,3,2019-12-09 6:00:48,1
11854.42,12461.94,9.95,3,2019-12-09 6:00:48,1
11854.81,12461.15,9.91,3,2019-12-09 6:00:48,1
11855.21,12460.36,9.91,3,2019-12-09 6:00:48,1
11855.61,12459.58,9.89,3,2019-12-09 6:00:48,1
11856,12458.79,9.88,3,2019-12-09 6:00:48,1
11856.4,12458,9.99,3,2019-12-09 6:00:48,1
11856.8,12457.21,9.89,3,2019-12-09 6:00:48,1
11857.2,12456.42,9.92,3,2019-12-09 6:00:48,1
11857.59,12455.63,9.93,3,2019-12-09 6:00:48,1
11857.99,12454.84,9.91,3,2019-12-09 6:00:49,1
11858.39,12454.05,9.97,3,2019-12-09 6:00:49,1
11858.79,12453.26,9.95,3,2019-12-09 6:00:49,1
11859.18,12452.47,9.88,3,2019-12-09 6:00:49,1
11859.58,12451.68,9.93,3,2019-12-09 6:00:49,1
11859.98,12450.89,9.9,3,2019-12-09 6:00:49,1
11860.38,12450.1,9.92,3,2019-12-09 6:00:49,1
11860.78,12449.31,9.99,3,2019-12-09 6:00:49,1
11861.17,12448.52,9.89,3,2019-12-09 6:00:49,1
11861.57,12447.73,9.91,3,2019-12-09 6:00:49,1
11861.96,12446.95,9.88,3,2019-12-09 6:00:50,1
11862.36,12446.15,10,3,2019-12-09 6:00:50,1
11862.76,12445.37,9.88,3,2019-12-09 6:00:50,1
11863.16,12444.58,9.93,3,2019-12-09 6:00:50,1
11863.56,12443.78,10,3,2019-12-09 6:00:50,1
11863.95,12442.99,9.94,3,2019-12-09 6:00:50,1
11864.35,12442.19,9.99,3,2019-12-09 6:00:50,1
11864.75,12441.4,9.95,3,2019-12-09 6:00:50,1
11865.15,12440.61,9.95,3,2019-12-09 6:00:50,1
11865.55,12439.82,9.95,3,2019-12-09 6:00:50,1
11865.95,12439.03,9.92,3,2019-12-09 6:00:51,1
11866.35,12438.24,9.99,3,2019-12-09 6:00:51,1
11866.74,12437.45,9.88,3,2019-12-09 6:00:51,1
11867.14,12436.66,9.88,3,2019-12-09 6:00:51,1
11867.54,12435.87,9.93,3,2019-12-09 6:00:51,1
11867.93,12435.09,9.92,3,2019-12-09 6:00:51,1
11868.33,12434.3,9.89,3,2019-12-09 6:00:51,1
11868.73,12433.51,9.92,3,2019-12-09 6:00:51,1
11869.12,12432.72,9.96,3,2019-12-09 6:00:51,1
11869.52,12431.92,9.99,3,2019-12-09 6:00:51,1
11869.92,12431.13,9.95,3,2019-12-09 6:00:52,1
11870.32,12430.34,9.89,3,2019-12-09 6:00:52,1
11870.72,12429.55,9.96,3,2019-12-09 6:00:52,1
11871.12,12428.76,9.93,3,2019-12-09 6:00:52,1
11871.51,12427.97,9.93,3,2019-12-09 6:00:52,1
11871.91,12427.18,9.9,3,2019-12-09 6:00:52,1
11872.31,12426.39,9.95,3,2019-12-09 6:00:52,1
11872.7,12425.61,9.87,3,2019-12-09 6:00:52,1
11873.1,12424.82,9.87,3,2019-12-09 6:00:52,1
11873.49,12424.04,9.89,3,2019-12-09 6:00:52,1
11873.89,12423.25,9.88,3,2019-12-09 6:00:53,1
11874.29,12422.46,9.95,3,2019-12-09 6:00:53,1
11874.69,12421.66,10,3,2019-12-09 6:00:53,1
11875.09,12420.87,9.96,3,2019-12-09 6:00:53,1
11875.48,12420.08,9.89,3,2019-12-09 6:00:53,1
11875.88,12419.3,9.89,3,2019-12-09 6:00:53,1
11876.27,12418.51,9.9,3,2019-12-09 6:00:53,1
11876.67,12417.72,9.92,3,2019-12-09 6:00:53,1
11877.07,12416.93,9.89,3,2019-12-09 6:00:53,1
11877.46,12416.15,9.91,3,2019-12-09 6:00:53,1
11877.86,12415.35,9.98,3,2019-12-09 6:00:54,1
11878.26,12414.56,9.96,3,2019-12-09 6:00:54,1
11878.66,12413.77,9.88,3,2019-12-09 6:00:54,1
11879.05,12412.99,9.87,3,2019-12-09 6:00:54,1
11879.45,12412.2,9.91,3,2019-12-09 6:00:54,1
11879.85,12411.4,9.98,3,2019-12-09 6:00:54,1
11880.25,12410.61,9.98,3,2019-12-09 6:00:54,1
11880.65,12409.82,9.97,3,2019-12-09 6:00:54,1
11881.05,12409.03,9.92,3,2019-12-09 6:00:54,1
11881.44,12408.24,9.9,3,2019-12-09 6:00:54,1
11881.84,12407.45,9.99,3,2019-12-09 6:00:55,1
11882.24,12406.66,9.88,3,2019-12-09 6:00:55,1
11882.64,12405.87,9.97,3,2019-12-09 6:00:55,1
11883.04,12405.07,9.98,3,2019-12-09 6:00:55,1
11883.43,12404.28,9.93,3,2019-12-09 6:00:55,1
11883.83,12403.49,9.99,3,2019-12-09 6:00:55,1