my time, msgCnt, SecMark, Lat, Lon
1575638590,181,46120,-334564256.000000,-706596416.000000
1575638590,184,46120,-334564608.000000,-706596480.000000
1575638591,185,46120,-334564640.000000,-706596480.000000
1575638591,186,46121,-334564800.000000,-706596608.000000
1575638591,188,46121,-334564960.000000,-706596736.000000
1575638591,189,46121,-334564992.000000,-706596800.000000
1575638592,190,46121,-334565056.000000,-706596864.000000
1575638592,192,46122,-334565216.000000,-706597120.000000
1575638592,193,46122,-334565248.000000,-706597184.000000
1575638592,194,46122,-334565280.000000,-706597248.000000
1575638593,195,46122,-334565344.000000,-706597440.000000
1575638593,196,46123,-334565376.000000,-706597568.000000
1575638593,197,46123,-334565440.000000,-706597760.000000
1575638593,198,46123,-334565440.000000,-706597888.000000
1575638593,199,46123,-334565440.000000,-706597952.000000
1575638594,200,46124,-334565472.000000,-706598144.000000
1575638594,202,46124,-334565504.000000,-706598400.000000
1575638594,203,46124,-334565536.000000,-706598592.000000
1575638594,204,46124,-334565568.000000,-706598720.000000
1575638595,205,46125,-334565568.000000,-706598848.000000
1575638595,206,46125,-334565568.000000,-706598976.000000
1575638595,207,46125,-334565600.000000,-706599104.000000
1575638595,208,46125,-334565600.000000,-706599232.000000
1575638595,209,46125,-334565600.000000,-706599424.000000
1575638596,210,46125,-334565600.000000,-706599488.000000
1575638596,211,46126,-334565632.000000,-706599680.000000
1575638596,212,46126,-334565632.000000,-706599808.000000
1575638596,213,46126,-334565632.000000,-706600000.000000
1575638596,214,46126,-334565632.000000,-706600064.000000
1575638597,215,46126,-334565632.000000,-706600192.000000
1575638597,216,46127,-334565632.000000,-706600448.000000
1575638597,217,46127,-334565632.000000,-706600512.000000
1575638597,218,46127,-334565600.000000,-706600704.000000
1575638597,219,46127,-334565600.000000,-706600768.000000
1575638598,220,46128,-334565632.000000,-706600960.000000
1575638598,221,46128,-334565632.000000,-706601152.000000
1575638598,222,46128,-334565664.000000,-706601280.000000
1575638598,223,46128,-334565664.000000,-706601344.000000
1575638598,224,46128,-334565696.000000,-706601536.000000
1575638599,225,46129,-334565696.000000,-706601600.000000
1575638599,226,46129,-334565664.000000,-706601728.000000
1575638599,227,46129,-334565696.000000,-706601856.000000
1575638599,228,46129,-334565696.000000,-706601984.000000
1575638599,229,46129,-334565696.000000,-706602048.000000
1575638600,230,46130,-334565728.000000,-706602176.000000
1575638600,231,46130,-334565728.000000,-706602240.000000
1575638600,232,46130,-334565728.000000,-706602304.000000
1575638600,233,46130,-334565792.000000,-706602432.000000
1575638600,234,46130,-334565792.000000,-706602432.000000
1575638601,235,46131,-334565824.000000,-706602560.000000
1575638601,236,46131,-334565824.000000,-706602624.000000
1575638601,237,46131,-334565856.000000,-706602688.000000
1575638601,238,46131,-334565856.000000,-706602688.000000
1575638601,239,46131,-334565888.000000,-706602752.000000
1575638602,240,46132,-334565920.000000,-706602816.000000
1575638602,241,46132,-334565920.000000,-706602880.000000
1575638602,242,46132,-334565952.000000,-706602880.000000
1575638602,243,46132,-334565952.000000,-706602944.000000
1575638602,244,46132,-334565952.000000,-706602944.000000
1575638603,245,46133,-334565952.000000,-706602944.000000
1575638603,246,46133,-334565984.000000,-706603008.000000
1575638603,247,46133,-334565984.000000,-706603008.000000
1575638603,248,46133,-334565984.000000,-706603008.000000
1575638604,250,46134,-334566016.000000,-706603008.000000
1575638604,251,46134,-334566016.000000,-706603008.000000
1575638604,252,46134,-334566016.000000,-706603008.000000
1575638604,253,46134,-334566016.000000,-706603008.000000
1575638604,254,46134,-334566016.000000,-706603008.000000
1575638605,255,46135,-334566016.000000,-706603008.000000
1575638605,0,46135,-334566016.000000,-706603008.000000
1575638605,1,46135,-334566016.000000,-706603008.000000
1575638605,2,46135,-334566016.000000,-706603008.000000
1575638605,3,46135,-334566016.000000,-706603008.000000
1575638606,4,46136,-334566048.000000,-706603008.000000
1575638606,5,46136,-334566048.000000,-706603008.000000
1575638606,6,46136,-334566048.000000,-706603008.000000
1575638606,7,46136,-334566048.000000,-706603008.000000
1575638606,8,46136,-334566048.000000,-706603008.000000
1575638607,9,46137,-334566048.000000,-706603008.000000
1575638607,10,46137,-334566048.000000,-706603008.000000
1575638607,11,46137,-334566048.000000,-706603072.000000
1575638607,12,46137,-334566048.000000,-706603072.000000
1575638607,13,46137,-334566048.000000,-706603072.000000
1575638608,14,46138,-334566048.000000,-706603072.000000
1575638608,15,46138,-334566048.000000,-706603072.000000
1575638608,16,46138,-334566048.000000,-706603072.000000
1575638608,17,46138,-334566048.000000,-706603072.000000
1575638608,18,46138,-334566048.000000,-706603072.000000
1575638609,19,46139,-334566048.000000,-706603072.000000
1575638609,20,46139,-334566048.000000,-706603072.000000
1575638609,21,46139,-334566048.000000,-706603072.000000
1575638609,22,46139,-334566048.000000,-706603072.000000
1575638609,23,46139,-334566048.000000,-706603072.000000
1575638610,24,46140,-334566048.000000,-706603072.000000
1575638610,25,46140,-334566048.000000,-706603072.000000
1575638610,26,46140,-334566048.000000,-706603072.000000
1575638610,27,46140,-334566048.000000,-706603072.000000
1575638610,28,46140,-334566048.000000,-706603136.000000
1575638611,29,46141,-334566048.000000,-706603136.000000
1575638611,30,46141,-334566048.000000,-706603136.000000
1575638611,31,46141,-334566048.000000,-706603136.000000
1575638611,32,46141,-334566080.000000,-706603200.000000
1575638611,33,46141,-334566080.000000,-706603200.000000
1575638612,34,46142,-334566080.000000,-706603264.000000
1575638612,36,46142,-334566112.000000,-706603328.000000
1575638612,37,46142,-334566112.000000,-706603392.000000
1575638612,38,46142,-334566112.000000,-706603392.000000
1575638613,39,46143,-334566112.000000,-706603456.000000
1575638613,40,46143,-334566112.000000,-706603520.000000
1575638613,41,46143,-334566112.000000,-706603584.000000
1575638613,42,46143,-334566112.000000,-706603648.000000
1575638613,43,46143,-334566112.000000,-706603648.000000
1575638614,44,46144,-334566112.000000,-706603776.000000
1575638614,45,46144,-334566112.000000,-706603840.000000
1575638614,46,46144,-334566080.000000,-706603904.000000
1575638614,48,46145,-334566112.000000,-706603968.000000
1575638615,49,46145,-334566112.000000,-706603968.000000
1575638615,50,46145,-334566112.000000,-706603968.000000
1575638615,51,46145,-334566112.000000,-706603968.000000
1575638615,53,46146,-334566112.000000,-706603968.000000
1575638616,54,46146,-334566112.000000,-706603968.000000
1575638616,56,46146,-334566112.000000,-706603968.000000
1575638616,57,46146,-334566112.000000,-706603968.000000
1575638616,58,46147,-334566112.000000,-706603968.000000
1575638617,61,46147,-334566112.000000,-706603968.000000
1575638617,62,46147,-334566112.000000,-706603968.000000
1575638618,63,46148,-334566112.000000,-706603968.000000
1575638618,65,46148,-334566112.000000,-706603968.000000
1575638618,66,46148,-334566112.000000,-706604032.000000
1575638618,67,46148,-334566112.000000,-706604032.000000
1575638619,68,46148,-334566112.000000,-706604032.000000
1575638619,69,46149,-334566112.000000,-706604032.000000
1575638619,70,46149,-334566112.000000,-706604032.000000
1575638619,71,46149,-334566112.000000,-706603968.000000
1575638619,72,46149,-334566112.000000,-706603968.000000
1575638620,73,46150,-334566112.000000,-706604032.000000
1575638620,77,46150,-334566080.000000,-706603968.000000
1575638621,79,46151,-334566080.000000,-706604032.000000
1575638621,82,46151,-334566080.000000,-706604032.000000
1575638622,83,46152,-334566080.000000,-706604032.000000
1575638622,84,46152,-334566080.000000,-706604032.000000
1575638622,85,46152,-334566080.000000,-706604032.000000
1575638622,86,46152,-334566080.000000,-706604032.000000
1575638622,87,46152,-334566080.000000,-706604032.000000
1575638623,88,46152,-334566080.000000,-706604032.000000
1575638623,89,46153,-334566080.000000,-706604032.000000
1575638623,91,46153,-334566080.000000,-706604032.000000
1575638623,92,46153,-334566080.000000,-706604032.000000
1575638624,93,46153,-334566080.000000,-706604032.000000
1575638624,94,46154,-334566080.000000,-706604032.000000
1575638624,95,46154,-334566080.000000,-706604032.000000
1575638624,96,46154,-334566080.000000,-706604032.000000
1575638624,97,46154,-334566080.000000,-706604032.000000
1575638625,99,46155,-334566080.000000,-706604032.000000
1575638625,100,46155,-334566080.000000,-706604032.000000
1575638625,101,46155,-334566080.000000,-706604032.000000
1575638625,102,46155,-334566080.000000,-706604032.000000
1575638626,103,46156,-334566048.000000,-706604032.000000
1575638626,104,46156,-334566080.000000,-706604032.000000
1575638626,105,46156,-334566048.000000,-706604032.000000
1575638626,106,46156,-334566048.000000,-706604032.000000
1575638626,107,46156,-334566048.000000,-706604032.000000
1575638627,108,46157,-334566048.000000,-706604032.000000
1575638627,109,46157,-334566048.000000,-706604032.000000
1575638627,111,46157,-334566048.000000,-706604032.000000
1575638627,112,46157,-334566048.000000,-706604032.000000
1575638628,113,46158,-334566048.000000,-706604032.000000
1575638628,114,46158,-334566048.000000,-706604032.000000
1575638628,115,46158,-334566048.000000,-706604032.000000
1575638628,116,46158,-334566048.000000,-706604032.000000
1575638628,117,46158,-334566048.000000,-706604032.000000
1575638629,118,46158,-334566048.000000,-706604032.000000
1575638629,119,46159,-334566048.000000,-706604032.000000
1575638629,120,46159,-334566048.000000,-706604032.000000
1575638629,121,46159,-334566048.000000,-706604032.000000
1575638629,122,46159,-334566048.000000,-706604032.000000
1575638630,123,46160,-334566080.000000,-706604032.000000
1575638630,124,46160,-334566080.000000,-706604032.000000
1575638630,125,46160,-334566080.000000,-706604032.000000
1575638630,126,46160,-334566112.000000,-706604032.000000
1575638630,127,46160,-334566112.000000,-706604096.000000
1575638631,128,46161,-334566112.000000,-706604096.000000
1575638631,129,46161,-334566112.000000,-706604096.000000
1575638631,130,46161,-334566112.000000,-706604096.000000
1575638631,131,46161,-334566112.000000,-706604096.000000
1575638631,132,46161,-334566112.000000,-706604096.000000
1575638632,134,46162,-334566112.000000,-706604096.000000
1575638632,135,46162,-334566112.000000,-706604096.000000
1575638632,136,46162,-334566112.000000,-706604096.000000
1575638632,137,46162,-334566112.000000,-706604096.000000
1575638633,138,46163,-334566112.000000,-706604096.000000
1575638633,139,46163,-334566112.000000,-706604096.000000
1575638633,140,46163,-334566112.000000,-706604096.000000
1575638633,141,46163,-334566112.000000,-706604096.000000
1575638633,142,46163,-334566112.000000,-706604096.000000
1575638634,143,46164,-334566112.000000,-706604096.000000
1575638634,144,46164,-334566144.000000,-706604096.000000
1575638634,145,46164,-334566144.000000,-706604096.000000
1575638634,146,46164,-334566144.000000,-706604096.000000
1575638634,147,46164,-334566144.000000,-706604096.000000
1575638635,148,46164,-334566144.000000,-706604096.000000
1575638635,149,46165,-334566144.000000,-706604096.000000
1575638635,150,46165,-334566144.000000,-706604096.000000
1575638635,151,46165,-334566144.000000,-706604096.000000
1575638635,152,46165,-334566144.000000,-706604096.000000
1575638636,153,46166,-334566144.000000,-706604096.000000
1575638636,154,46166,-334566144.000000,-706604096.000000
1575638636,155,46166,-334566144.000000,-706604096.000000
1575638636,156,46166,-334566144.000000,-706604096.000000
1575638636,157,46166,-334566144.000000,-706604096.000000
1575638637,158,46167,-334566144.000000,-706604096.000000
1575638637,159,46167,-334566144.000000,-706604096.000000
1575638637,160,46167,-334566144.000000,-706604096.000000
1575638637,161,46167,-334566144.000000,-706604096.000000
1575638637,162,46167,-334566144.000000,-706604096.000000
1575638638,163,46168,-334566144.000000,-706604096.000000
1575638638,164,46168,-334566144.000000,-706604096.000000
1575638638,165,46168,-334566144.000000,-706604096.000000
1575638638,166,46168,-334566144.000000,-706604096.000000
1575638638,167,46168,-334566144.000000,-706604096.000000
1575638639,168,46169,-334566144.000000,-706604096.000000
1575638639,169,46169,-334566144.000000,-706604096.000000
1575638639,170,46169,-334566144.000000,-706604096.000000
1575638639,171,46169,-334566112.000000,-706604096.000000
1575638639,172,46169,-334566112.000000,-706604096.000000
1575638640,173,46170,-334566112.000000,-706604096.000000
1575638640,174,46170,-334566112.000000,-706604096.000000
1575638640,175,46170,-334566112.000000,-706604096.000000
1575638640,176,46170,-334566112.000000,-706604096.000000
1575638640,177,46170,-334566112.000000,-706604096.000000
1575638641,178,46170,-334566112.000000,-706604096.000000
1575638641,179,46171,-334566112.000000,-706604096.000000
1575638641,180,46171,-334566112.000000,-706604096.000000
1575638641,181,46171,-334566112.000000,-706604096.000000
1575638641,182,46171,-334566112.000000,-706604096.000000
1575638642,183,46171,-334566112.000000,-706604096.000000
1575638642,184,46172,-334566112.000000,-706604096.000000
1575638642,185,46172,-334566112.000000,-706604160.000000
1575638642,186,46172,-334566112.000000,-706604160.000000
1575638642,187,46172,-334566112.000000,-706604160.000000
1575638643,188,46173,-334566112.000000,-706604160.000000
1575638643,189,46173,-334566112.000000,-706604160.000000
1575638643,190,46173,-334566112.000000,-706604160.000000
1575638643,191,46173,-334566112.000000,-706604160.000000
1575638643,192,46173,-334566112.000000,-706604160.000000
1575638644,193,46174,-334566112.000000,-706604160.000000
1575638644,194,46174,-334566112.000000,-706604160.000000
1575638644,195,46174,-334566112.000000,-706604160.000000
1575638644,196,46174,-334566112.000000,-706604160.000000
1575638644,197,46174,-334566112.000000,-706604160.000000
1575638645,198,46175,-334566112.000000,-706604160.000000
1575638645,199,46175,-334566112.000000,-706604160.000000
1575638645,200,46175,-334566112.000000,-706604160.000000
1575638645,201,46175,-334566112.000000,-706604160.000000
1575638645,202,46175,-334566112.000000,-706604160.000000
1575638646,203,46176,-334566112.000000,-706604160.000000
1575638646,204,46176,-334566112.000000,-706604160.000000
1575638646,205,46176,-334566112.000000,-706604160.000000
1575638646,206,46176,-334566080.000000,-706604160.000000
1575638646,207,46176,-334566080.000000,-706604160.000000
1575638647,208,46177,-334566080.000000,-706604160.000000
1575638647,209,46177,-334566112.000000,-706604160.000000
1575638647,210,46177,-334566112.000000,-706604160.000000
1575638647,211,46177,-334566112.000000,-706604160.000000
1575638647,212,46177,-334566080.000000,-706604160.000000
1575638648,213,46178,-334566080.000000,-706604160.000000
1575638648,214,46178,-334566080.000000,-706604160.000000
1575638648,215,46178,-334566080.000000,-706604160.000000
1575638648,216,46178,-334566080.000000,-706604160.000000
1575638648,217,46178,-334566080.000000,-706604160.000000
1575638649,218,46179,-334566080.000000,-706604160.000000
1575638649,219,46179,-334566080.000000,-706604160.000000
1575638649,220,46179,-334566080.000000,-706604160.000000
1575638649,221,46179,-334566080.000000,-706604160.000000
1575638649,222,46179,-334566080.000000,-706604160.000000
1575638650,223,46180,-334566080.000000,-706604160.000000
1575638650,224,46180,-334566080.000000,-706604160.000000
1575638650,225,46180,-334566080.000000,-706604160.000000
1575638650,226,46180,-334566080.000000,-706604160.000000
1575638650,227,46181,-334566080.000000,-706604224.000000
1575638651,228,46181,-334566080.000000,-706604224.000000
1575638651,229,46181,-334566080.000000,-706604224.000000
1575638651,230,46181,-334566112.000000,-706604224.000000
1575638651,231,46181,-334566112.000000,-706604224.000000
1575638652,0,46181,-334566112.000000,-706604224.000000
1575638652,1,46182,-334566112.000000,-706604224.000000
1575638652,2,46182,-334566112.000000,-706604224.000000
1575638652,3,46182,-334566112.000000,-706604224.000000
1575638652,4,46182,-334566112.000000,-706604224.000000
1575638653,5,46183,-334566112.000000,-706604224.000000
1575638653,6,46183,-334566112.000000,-706604224.000000
1575638653,7,46183,-334566112.000000,-706604224.000000
1575638653,8,46183,-334566112.000000,-706604224.000000
1575638653,9,46183,-334566112.000000,-706604224.000000
1575638654,10,46183,-334566112.000000,-706604224.000000
1575638654,11,46184,-334566112.000000,-706604224.000000
1575638654,12,46184,-334566112.000000,-706604224.000000
1575638654,13,46184,-334566112.000000,-706604224.000000
1575638654,14,46184,-334566112.000000,-706604224.000000
1575638655,15,46185,-334566112.000000,-706604224.000000
1575638655,16,46185,-334566112.000000,-706604224.000000
1575638655,17,46185,-334566112.000000,-706604224.000000
1575638655,18,46185,-334566112.000000,-706604224.000000
1575638655,19,46185,-334566112.000000,-706604224.000000
1575638656,20,46186,-334566112.000000,-706604224.000000
1575638656,21,46186,-334566112.000000,-706604224.000000
1575638656,22,46186,-334566112.000000,-706604224.000000
1575638656,23,46186,-334566112.000000,-706604224.000000
1575638656,24,46186,-334566112.000000,-706604224.000000
1575638657,25,46186,-334566112.000000,-706604224.000000
1575638657,26,46187,-334566112.000000,-706604224.000000
1575638657,27,46187,-334566112.000000,-706604224.000000
1575638657,28,46187,-334566112.000000,-706604224.000000
1575638657,29,46187,-334566112.000000,-706604224.000000
1575638658,30,46188,-334566112.000000,-706604224.000000
1575638658,31,46188,-334566112.000000,-706604224.000000
1575638658,32,46188,-334566112.000000,-706604224.000000
1575638658,33,46188,-334566112.000000,-706604224.000000
1575638658,34,46188,-334566112.000000,-706604224.000000
1575638659,35,46189,-334566112.000000,-706604224.000000
1575638659,36,46189,-334566112.000000,-706604224.000000
1575638659,37,46189,-334566112.000000,-706604224.000000
1575638659,38,46189,-334566112.000000,-706604288.000000
1575638659,39,46189,-334566112.000000,-706604288.000000
1575638660,40,46190,-334566112.000000,-706604288.000000
1575638660,41,46190,-334566112.000000,-706604288.000000
1575638660,42,46190,-334566112.000000,-706604288.000000
1575638660,43,46190,-334566112.000000,-706604288.000000
1575638660,44,46190,-334566112.000000,-706604288.000000
1575638661,45,46190,-334566112.000000,-706604288.000000
1575638661,46,46191,-334566112.000000,-706604288.000000
1575638661,47,46191,-334566112.000000,-706604288.000000
1575638661,48,46191,-334566112.000000,-706604288.000000
1575638661,49,46191,-334566112.000000,-706604288.000000
1575638662,50,46192,-334566112.000000,-706604288.000000
1575638662,51,46192,-334566112.000000,-706604288.000000
1575638662,52,46192,-334566080.000000,-706604288.000000
1575638662,53,46192,-334566080.000000,-706604288.000000
1575638662,54,46192,-334566080.000000,-706604288.000000
1575638663,55,46193,-334566080.000000,-706604288.000000
1575638663,56,46193,-334566080.000000,-706604224.000000
1575638663,57,46193,-334566080.000000,-706604224.000000
1575638663,58,46193,-334566080.000000,-706604224.000000
1575638663,59,46193,-334566080.000000,-706604224.000000
1575638664,60,46194,-334566080.000000,-706604224.000000
1575638664,61,46194,-334566080.000000,-706604224.000000
1575638664,62,46194,-334566080.000000,-706604224.000000
1575638664,63,46194,-334566080.000000,-706604224.000000
1575638664,64,46194,-334566080.000000,-706604224.000000
1575638665,65,46195,-334566080.000000,-706604224.000000
1575638665,66,46195,-334566080.000000,-706604224.000000
1575638665,67,46195,-334566080.000000,-706604224.000000
1575638665,68,46195,-334566080.000000,-706604224.000000
1575638665,69,46195,-334566080.000000,-706604224.000000
1575638666,70,46196,-334566080.000000,-706604224.000000
1575638666,71,46196,-334566080.000000,-706604224.000000
1575638666,72,46196,-334566080.000000,-706604288.000000
1575638666,73,46196,-334566080.000000,-706604288.000000
1575638666,74,46196,-334566080.000000,-706604288.000000
1575638667,75,46197,-334566080.000000,-706604288.000000
1575638667,76,46197,-334566080.000000,-706604288.000000
1575638667,77,46197,-334566080.000000,-706604288.000000
1575638667,78,46197,-334566080.000000,-706604288.000000
1575638667,79,46197,-334566048.000000,-706604352.000000
1575638668,80,46198,-334566048.000000,-706604352.000000
1575638668,81,46198,-334566048.000000,-706604416.000000
1575638668,82,46198,-334566048.000000,-706604480.000000
1575638668,83,46198,-334566048.000000,-706604544.000000
1575638668,84,46198,-334566048.000000,-706604608.000000
1575638669,85,46199,-334566048.000000,-706604672.000000
1575638669,86,46199,-334566048.000000,-706604736.000000
1575638669,87,46199,-334566016.000000,-706604800.000000
1575638669,88,46199,-334566016.000000,-706604864.000000
1575638669,89,46199,-334566016.000000,-706604928.000000
1575638670,90,46200,-334566016.000000,-706604928.000000
1575638670,91,46200,-334566016.000000,-706605056.000000
1575638670,92,46200,-334566016.000000,-706605120.000000
1575638670,94,46200,-334566016.000000,-706605248.000000
1575638671,95,46201,-334566016.000000,-706605312.000000
1575638671,96,46201,-334566016.000000,-706605376.000000
1575638671,97,46201,-334566016.000000,-706605440.000000
1575638671,98,46201,-334566016.000000,-706605504.000000
1575638671,99,46201,-334566016.000000,-706605504.000000
1575638672,100,46202,-334566016.000000,-706605568.000000
1575638672,101,46202,-334566016.000000,-706605632.000000
1575638672,102,46202,-334566016.000000,-706605632.000000
1575638672,103,46202,-334566016.000000,-706605696.000000
1575638672,104,46202,-334566016.000000,-706605696.000000
1575638673,105,46202,-334566016.000000,-706605696.000000
1575638673,106,46203,-334566016.000000,-706605760.000000
1575638673,107,46203,-334566016.000000,-706605824.000000
1575638673,108,46203,-334566016.000000,-706605824.000000
1575638673,109,46203,-334566016.000000,-706605824.000000
1575638674,110,46204,-334566016.000000,-706605824.000000
1575638674,111,46204,-334566016.000000,-706605824.000000
1575638674,112,46204,-334566016.000000,-706605824.000000
1575638674,113,46204,-334566016.000000,-706605888.000000
1575638674,114,46204,-334566016.000000,-706605888.000000
1575638675,115,46205,-334566016.000000,-706605888.000000
1575638675,116,46205,-334566016.000000,-706605888.000000
1575638675,117,46205,-334566016.000000,-706605888.000000
1575638675,118,46205,-334566016.000000,-706605888.000000
1575638675,119,46205,-334566016.000000,-706605888.000000
1575638676,120,46206,-334566016.000000,-706605888.000000
1575638676,121,46206,-334566016.000000,-706605888.000000
1575638676,122,46206,-334566016.000000,-706605888.000000
1575638676,123,46206,-334566016.000000,-706605888.000000
1575638676,124,46206,-334566016.000000,-706605952.000000
1575638677,125,46207,-334566016.000000,-706605952.000000
1575638677,126,46207,-334566016.000000,-706606016.000000
1575638677,127,46207,-334566016.000000,-706606016.000000
1575638677,128,46207,-334566048.000000,-706606016.000000
1575638677,129,46207,-334566048.000000,-706606016.000000
1575638678,130,46208,-334566048.000000,-706606080.000000
1575638678,131,46208,-334566048.000000,-706606080.000000
1575638678,132,46208,-334566048.000000,-706606144.000000
1575638678,133,46208,-334566048.000000,-706606144.000000
1575638678,134,46208,-334566080.000000,-706606208.000000
1575638679,135,46209,-334566080.000000,-706606208.000000
1575638679,136,46209,-334566080.000000,-706606272.000000
1575638679,137,46209,-334566112.000000,-706606336.000000
1575638679,138,46209,-334566112.000000,-706606336.000000
1575638679,139,46209,-334566112.000000,-706606400.000000
1575638680,140,46210,-334566112.000000,-706606464.000000
1575638680,141,46210,-334566112.000000,-706606464.000000
1575638680,142,46210,-334566112.000000,-706606528.000000
1575638680,143,46210,-334566112.000000,-706606592.000000
1575638680,144,46210,-334566112.000000,-706606592.000000
1575638681,145,46211,-334566112.000000,-706606656.000000
1575638681,146,46211,-334566144.000000,-706606720.000000
1575638681,147,46211,-334566144.000000,-706606720.000000
1575638681,148,46211,-334566144.000000,-706606784.000000
1575638681,149,46211,-334566144.000000,-706606848.000000
1575638682,150,46212,-334566144.000000,-706606848.000000
1575638682,151,46212,-334566144.000000,-706606912.000000
1575638682,152,46212,-334566144.000000,-706606976.000000
1575638682,153,46212,-334566144.000000,-706607040.000000
1575638682,154,46212,-334566144.000000,-706607040.000000
1575638683,155,46213,-334566144.000000,-706607104.000000
1575638683,156,46213,-334566144.000000,-706607168.000000
1575638683,157,46213,-334566144.000000,-706607168.000000
1575638683,158,46213,-334566144.000000,-706607232.000000
1575638683,159,46213,-334566144.000000,-706607232.000000
1575638684,160,46214,-334566144.000000,-706607296.000000
1575638684,161,46214,-334566144.000000,-706607296.000000
1575638684,162,46214,-334566176.000000,-706607360.000000
1575638684,163,46214,-334566176.000000,-706607360.000000
1575638685,164,46215,-334566144.000000,-706607424.000000
1575638685,165,46215,-334566144.000000,-706607424.000000
1575638685,166,46215,-334566144.000000,-706607424.000000
1575638685,167,46215,-334566144.000000,-706607424.000000
1575638685,168,46215,-334566144.000000,-706607424.000000
1575638686,169,46216,-334566144.000000,-706607488.000000
1575638686,170,46216,-334566144.000000,-706607488.000000
1575638686,171,46216,-334566144.000000,-706607488.000000
1575638686,172,46216,-334566144.000000,-706607552.000000
1575638686,173,46216,-334566144.000000,-706607552.000000
1575638687,174,46217,-334566144.000000,-706607552.000000
1575638687,175,46217,-334566144.000000,-706607616.000000
1575638687,176,46217,-334566144.000000,-706607616.000000
1575638687,177,46217,-334566144.000000,-706607616.000000
1575638687,178,46217,-334566144.000000,-706607616.000000
1575638688,179,46218,-334566144.000000,-706607680.000000
1575638688,180,46218,-334566176.000000,-706607680.000000
1575638688,181,46218,-334566176.000000,-706607680.000000
1575638688,182,46218,-334566176.000000,-706607680.000000
1575638688,183,46218,-334566176.000000,-706607680.000000
1575638689,184,46219,-334566144.000000,-706607680.000000
1575638689,185,46219,-334566144.000000,-706607680.000000
1575638689,186,46219,-334566176.000000,-706607680.000000
1575638689,187,46219,-334566176.000000,-706607680.000000
1575638689,188,46219,-334566176.000000,-706607680.000000
1575638690,189,46219,-334566176.000000,-706607680.000000
1575638690,190,46220,-334566176.000000,-706607680.000000
1575638690,191,46220,-334566176.000000,-706607680.000000
1575638690,192,46220,-334566176.000000,-706607680.000000
1575638690,193,46220,-334566144.000000,-706607680.000000
1575638691,194,46221,-334566144.000000,-706607680.000000
1575638691,195,46221,-334566144.000000,-706607680.000000
1575638691,196,46221,-334566144.000000,-706607680.000000
1575638691,197,46221,-334566144.000000,-706607744.000000
1575638691,198,46221,-334566144.000000,-706607744.000000
1575638692,199,46222,-334566144.000000,-706607744.000000
1575638692,200,46222,-334566144.000000,-706607744.000000
1575638692,201,46222,-334566144.000000,-706607744.000000
1575638692,202,46222,-334566144.000000,-706607744.000000
1575638692,203,46222,-334566144.000000,-706607744.000000
1575638693,204,46223,-334566144.000000,-706607744.000000
1575638693,205,46223,-334566112.000000,-706607744.000000
1575638693,206,46223,-334566112.000000,-706607744.000000
1575638693,207,46223,-334566112.000000,-706607744.000000
1575638693,208,46223,-334566112.000000,-706607744.000000
1575638694,209,46223,-334566112.000000,-706607744.000000
1575638694,210,46224,-334566112.000000,-706607744.000000
1575638694,211,46224,-334566112.000000,-706607744.000000
1575638694,212,46224,-334566112.000000,-706607744.000000
1575638694,213,46224,-334566112.000000,-706607744.000000
1575638695,214,46225,-334566112.000000,-706607744.000000
1575638695,215,46225,-334566112.000000,-706607808.000000
1575638695,216,46225,-334566112.000000,-706607808.000000
1575638695,218,46225,-334566112.000000,-706607808.000000
1575638696,219,46226,-334566112.000000,-706607808.000000
1575638696,220,46226,-334566112.000000,-706607808.000000
1575638696,221,46226,-334566112.000000,-706607808.000000
1575638696,222,46226,-334566112.000000,-706607808.000000
1575638696,223,46226,-334566112.000000,-706607808.000000
1575638697,224,46227,-334566112.000000,-706607808.000000
1575638697,225,46227,-334566112.000000,-706607808.000000
1575638697,226,46227,-334566112.000000,-706607808.000000
1575638697,227,46227,-334566112.000000,-706607808.000000
1575638697,228,46227,-334566112.000000,-706607808.000000
1575638698,229,46228,-334566112.000000,-706607808.000000
1575638698,230,46228,-334566112.000000,-706607808.000000
1575638698,231,46228,-334566112.000000,-706607808.000000
1575638698,232,46228,-334566112.000000,-706607808.000000
1575638698,233,46228,-334566112.000000,-706607808.000000
1575638699,234,46229,-334566112.000000,-706607872.000000
1575638699,235,46229,-334566112.000000,-706607872.000000
1575638699,236,46229,-334566080.000000,-706607872.000000
1575638699,237,46229,-334566080.000000,-706607872.000000
1575638699,238,46229,-334566080.000000,-706607872.000000
1575638700,239,46230,-334566080.000000,-706607872.000000
1575638700,240,46230,-334566080.000000,-706607872.000000
1575638700,241,46230,-334566080.000000,-706607872.000000
1575638700,242,46230,-334566080.000000,-706607872.000000
1575638700,243,46230,-334566080.000000,-706607872.000000
1575638701,244,46231,-334566080.000000,-706607872.000000
1575638701,245,46231,-334566080.000000,-706607872.000000
1575638701,246,46231,-334566080.000000,-706607872.000000
1575638701,247,46231,-334566080.000000,-706607872.000000
1575638701,248,46231,-334566080.000000,-706607872.000000
1575638702,249,46232,-334566080.000000,-706607872.000000
1575638702,250,46232,-334566080.000000,-706607872.000000
1575638702,251,46232,-334566080.000000,-706607872.000000
1575638702,252,46232,-334566080.000000,-706607872.000000
1575638702,253,46232,-334566080.000000,-706607872.000000
1575638703,254,46233,-334566080.000000,-706607872.000000
1575638703,255,46233,-334566080.000000,-706607872.000000
1575638703,0,46233,-334566080.000000,-706607872.000000
1575638703,1,46233,-334566080.000000,-706607936.000000
1575638703,2,46233,-334566080.000000,-706607936.000000
1575638704,3,46234,-334566080.000000,-706607936.000000
1575638704,4,46234,-334566080.000000,-706607936.000000
1575638704,5,46234,-334566080.000000,-706607936.000000
1575638704,6,46234,-334566080.000000,-706607936.000000
1575638704,7,46234,-334566080.000000,-706607936.000000
1575638705,8,46235,-334566080.000000,-706607936.000000
1575638705,9,46235,-334566080.000000,-706607936.000000
1575638705,10,46235,-334566080.000000,-706607936.000000
1575638705,11,46235,-334566048.000000,-706607936.000000
1575638705,12,46235,-334566048.000000,-706607936.000000
1575638706,13,46236,-334566048.000000,-706607936.000000
1575638706,14,46236,-334566048.000000,-706607936.000000
1575638706,15,46236,-334566048.000000,-706607936.000000
1575638706,16,46236,-334566048.000000,-706607936.000000
1575638706,17,46236,-334566048.000000,-706607936.000000
1575638707,18,46237,-334566048.000000,-706607936.000000
1575638707,19,46237,-334566048.000000,-706607936.000000
1575638707,20,46237,-334566048.000000,-706607936.000000
1575638707,21,46237,-334566048.000000,-706607936.000000
1575638707,22,46237,-334566048.000000,-706607936.000000
1575638708,23,46238,-334566048.000000,-706607936.000000
1575638708,24,46238,-334566048.000000,-706607936.000000
1575638708,25,46238,-334566048.000000,-706607936.000000
1575638708,26,46238,-334566048.000000,-706607936.000000
1575638708,27,46238,-334566048.000000,-706607936.000000
1575638709,28,46239,-334566048.000000,-706607936.000000
1575638709,29,46239,-334566048.000000,-706607936.000000
1575638709,30,46239,-334566048.000000,-706607936.000000
1575638709,31,46239,-334566048.000000,-706607936.000000
1575638709,32,46239,-334566048.000000,-706607936.000000
1575638710,33,46240,-334566048.000000,-706607936.000000
1575638710,34,46240,-334566048.000000,-706607936.000000
1575638710,35,46240,-334566048.000000,-706607936.000000
1575638710,36,46240,-334566048.000000,-706607936.000000
1575638710,37,46240,-334566048.000000,-706607936.000000
1575638711,38,46241,-334566048.000000,-706607936.000000
1575638711,39,46241,-334566048.000000,-706607936.000000
1575638711,40,46241,-334566048.000000,-706607936.000000
1575638711,41,46241,-334566048.000000,-706607936.000000
1575638711,42,46241,-334566048.000000,-706607936.000000
1575638712,43,46242,-334566048.000000,-706607936.000000
1575638712,44,46242,-334566048.000000,-706607936.000000
1575638712,45,46242,-334566048.000000,-706607936.000000
1575638712,46,46242,-334566048.000000,-706607936.000000
1575638712,47,46242,-334566048.000000,-706607936.000000
1575638713,48,46243,-334566048.000000,-706607936.000000
1575638713,49,46243,-334566048.000000,-706607936.000000
1575638713,50,46243,-334566048.000000,-706607936.000000
1575638713,51,46243,-334566048.000000,-706607936.000000
1575638713,52,46243,-334566048.000000,-706607936.000000
1575638714,53,46244,-334566048.000000,-706607936.000000
1575638714,54,46244,-334566048.000000,-706607936.000000
1575638714,55,46244,-334566048.000000,-706607936.000000
1575638714,56,46244,-334566048.000000,-706607936.000000
1575638714,57,46244,-334566048.000000,-706607936.000000
1575638715,58,46245,-334566048.000000,-706607936.000000
1575638715,59,46245,-334566048.000000,-706607936.000000
1575638715,60,46245,-334566048.000000,-706607936.000000
1575638715,61,46245,-334566048.000000,-706607936.000000
1575638715,62,46245,-334566048.000000,-706607936.000000
1575638716,63,46246,-334566048.000000,-706607936.000000
1575638716,64,46246,-334566048.000000,-706607936.000000
1575638716,65,46246,-334566048.000000,-706607936.000000
1575638716,66,46246,-334566048.000000,-706607936.000000
1575638716,67,46246,-334566048.000000,-706607936.000000
1575638717,68,46247,-334566048.000000,-706607936.000000
1575638717,69,46247,-334566048.000000,-706607936.000000
1575638717,70,46247,-334566048.000000,-706607936.000000
1575638717,71,46247,-334566048.000000,-706607936.000000
1575638717,72,46248,-334566048.000000,-706607936.000000
1575638718,73,46248,-334566048.000000,-706607936.000000
1575638718,74,46248,-334566048.000000,-706607936.000000
1575638718,76,46248,-334566048.000000,-706607936.000000
1575638719,78,46249,-334566048.000000,-706607936.000000
1575638719,79,46249,-334566048.000000,-706607936.000000
1575638719,80,46249,-334566048.000000,-706607936.000000
1575638719,81,46249,-334566048.000000,-706607936.000000
1575638720,82,46249,-334566048.000000,-706607936.000000
1575638720,84,46250,-334566048.000000,-706607936.000000
1575638720,85,46250,-334566048.000000,-706607936.000000
1575638720,86,46250,-334566048.000000,-706607936.000000
1575638721,87,46251,-334566016.000000,-706607936.000000
1575638721,88,46251,-334566016.000000,-706607936.000000
1575638721,89,46251,-334566016.000000,-706607936.000000
1575638721,90,46251,-334566016.000000,-706607936.000000
1575638721,91,46251,-334566016.000000,-706607936.000000
1575638722,92,46252,-334566016.000000,-706607936.000000
1575638722,93,46252,-334566016.000000,-706608000.000000
1575638722,94,46252,-334566016.000000,-706607936.000000
1575638722,95,46252,-334566016.000000,-706607936.000000
1575638722,96,46252,-334566016.000000,-706608000.000000
1575638723,97,46253,-334566016.000000,-706608000.000000
1575638723,98,46253,-334566016.000000,-706608000.000000
1575638723,99,46253,-334566016.000000,-706608000.000000
1575638723,100,46253,-334566016.000000,-706608000.000000
1575638723,101,46253,-334566016.000000,-706608000.000000
1575638724,102,46253,-334566016.000000,-706608000.000000
1575638724,103,46254,-334566016.000000,-706608000.000000
1575638724,104,46254,-334566016.000000,-706608000.000000
1575638724,105,46254,-334566016.000000,-706608064.000000
1575638724,106,46254,-334566016.000000,-706608064.000000
1575638725,107,46255,-334566016.000000,-706608128.000000
1575638725,108,46255,-334566016.000000,-706608192.000000
1575638725,109,46255,-334566016.000000,-706608192.000000
1575638725,110,46255,-334566016.000000,-706608256.000000
1575638725,111,46255,-334566048.000000,-706608256.000000
1575638726,112,46256,-334566048.000000,-706608320.000000
1575638726,113,46256,-334566048.000000,-706608320.000000
1575638726,114,46256,-334566048.000000,-706608384.000000
1575638726,115,46256,-334566048.000000,-706608384.000000
1575638726,116,46256,-334566048.000000,-706608448.000000
1575638727,117,46257,-334566048.000000,-706608512.000000
1575638727,118,46257,-334566048.000000,-706608512.000000
1575638727,119,46257,-334566080.000000,-706608640.000000
1575638727,120,46257,-334566080.000000,-706608704.000000
1575638727,121,46257,-334566080.000000,-706608768.000000
1575638728,122,46258,-334566112.000000,-706608896.000000
1575638728,123,46258,-334566112.000000,-706608896.000000
1575638728,124,46258,-334566112.000000,-706609024.000000
1575638728,125,46258,-334566144.000000,-706609088.000000
1575638728,126,46258,-334566144.000000,-706609216.000000
1575638729,127,46259,-334566176.000000,-706609344.000000
1575638729,128,46259,-334566208.000000,-706609472.000000
1575638729,129,46259,-334566208.000000,-706609600.000000
1575638729,130,46259,-334566208.000000,-706609664.000000
1575638729,131,46259,-334566240.000000,-706609792.000000
1575638730,132,46260,-334566272.000000,-706609920.000000
1575638730,133,46260,-334566272.000000,-706610048.000000
1575638730,134,46260,-334566304.000000,-706610176.000000
1575638730,135,46260,-334566304.000000,-706610304.000000
1575638730,136,46260,-334566304.000000,-706610432.000000
1575638731,137,46261,-334566336.000000,-706610624.000000
1575638731,138,46261,-334566336.000000,-706610752.000000
1575638731,139,46261,-334566336.000000,-706610880.000000
1575638731,140,46261,-334566368.000000,-706611072.000000
1575638731,141,46261,-334566368.000000,-706611136.000000
1575638732,142,46262,-334566368.000000,-706611392.000000
1575638732,143,46262,-334566368.000000,-706611584.000000
1575638732,144,46262,-334566400.000000,-706611776.000000
1575638732,145,46262,-334566400.000000,-706611968.000000
1575638732,146,46262,-334566400.000000,-706612096.000000
1575638733,147,46262,-334566432.000000,-706612288.000000
1575638733,148,46263,-334566464.000000,-706612480.000000
1575638733,149,46263,-334566464.000000,-706612672.000000
1575638733,150,46263,-334566464.000000,-706612864.000000
1575638733,151,46263,-334566464.000000,-706613248.000000
1575638734,152,46264,-334566464.000000,-706613504.000000
1575638734,153,46264,-334566464.000000,-706613568.000000
1575638734,154,46264,-334566464.000000,-706613888.000000
1575638734,155,46264,-334566464.000000,-706614080.000000
1575638734,156,46264,-334566496.000000,-706614336.000000
1575638735,157,46265,-334566528.000000,-706614528.000000
1575638735,158,46265,-334566528.000000,-706614784.000000
1575638735,159,46265,-334566528.000000,-706614976.000000
1575638735,160,46265,-334566528.000000,-706615232.000000
1575638735,161,46265,-334566560.000000,-706615424.000000
1575638736,162,46266,-334566560.000000,-706615680.000000
1575638736,163,46266,-334566560.000000,-706615808.000000
1575638736,164,46266,-334566592.000000,-706616128.000000
1575638736,165,46266,-334566592.000000,-706616128.000000
1575638736,166,46266,-334566656.000000,-706616576.000000
1575638737,167,46267,-334566656.000000,-706616768.000000
1575638737,168,46267,-334566688.000000,-706617024.000000
1575638737,169,46267,-334566688.000000,-706617216.000000
1575638737,170,46267,-334566688.000000,-706617344.000000
1575638737,171,46267,-334566752.000000,-706617536.000000
1575638738,172,46268,-334566784.000000,-706617728.000000
1575638738,173,46268,-334566816.000000,-706617920.000000
1575638738,174,46268,-334566848.000000,-706618112.000000
1575638738,175,46268,-334566880.000000,-706618368.000000
1575638738,176,46268,-334566912.000000,-706618560.000000
1575638739,177,46269,-334566912.000000,-706618688.000000
1575638739,178,46269,-334566912.000000,-706618688.000000
1575638739,179,46269,-334566912.000000,-706618944.000000
1575638739,180,46269,-334566912.000000,-706619072.000000
1575638739,181,46269,-334566912.000000,-706619200.000000
1575638740,182,46270,-334566944.000000,-706619328.000000
1575638740,183,46270,-334566944.000000,-706619456.000000
1575638740,184,46270,-334566912.000000,-706619584.000000
1575638740,185,46270,-334566912.000000,-706619648.000000
1575638740,186,46270,-334566912.000000,-706619776.000000
1575638741,187,46271,-334566880.000000,-706619840.000000
1575638741,188,46271,-334566880.000000,-706619904.000000
1575638741,189,46271,-334566848.000000,-706620032.000000
1575638741,190,46271,-334566848.000000,-706620032.000000
1575638741,191,46271,-334566784.000000,-706620096.000000
1575638742,192,46272,-334566752.000000,-706620160.000000
1575638742,193,46272,-334566688.000000,-706620160.000000
1575638742,194,46272,-334566624.000000,-706620224.000000
1575638742,195,46272,-334566624.000000,-706620224.000000
1575638742,196,46272,-334566560.000000,-706620224.000000
1575638743,197,46273,-334566496.000000,-706620288.000000
1575638743,198,46273,-334566464.000000,-706620288.000000
1575638743,199,46273,-334566400.000000,-706620288.000000
1575638743,200,46273,-334566336.000000,-706620288.000000
1575638743,201,46273,-334566304.000000,-706620224.000000
1575638744,202,46274,-334566240.000000,-706620224.000000
1575638744,203,46274,-334566240.000000,-706620224.000000
1575638744,204,46274,-334566048.000000,-706620288.000000
1575638744,205,46274,-334565952.000000,-706620288.000000
1575638745,207,46275,-334565760.000000,-706620352.000000
1575638745,208,46275,-334565632.000000,-706620352.000000
1575638745,209,46275,-334565536.000000,-706620352.000000
1575638746,213,46276,-334565088.000000,-706620480.000000
1575638746,214,46276,-334564928.000000,-706620480.000000
1575638747,221,46277,-334563872.000000,-706620800.000000
1575638748,223,46278,-334563552.000000,-706620800.000000
1575638748,224,46278,-334563552.000000,-706620800.000000
1575638748,225,46278,-334563232.000000,-706620864.000000
